#{"t_start": 1774356949.395097, "env_id": "None"}
r,l,t
-0.999047,2,2.361789
-0.998882,2,2.930332
-1.0,1,3.232068
-0.983746,14,7.720643
-0.999004,2,8.465101
-0.996245,4,9.790839
-0.999042,4,11.053115
-0.998416,4,12.509182
-0.992935,6,14.4486
-0.997679,5,16.086936
-0.998047,4,17.488631
-0.988325,10,20.769819
-0.99848,2,21.46564
-0.99854,2,22.251479
-0.994113,5,23.83207
-0.998025,3,24.731283
-0.991926,9,27.534011
-1.0,1,27.858921
-1.0,1,28.152318
-0.996283,4,29.349479
-0.996144,4,30.49466
-0.997699,3,31.358049
-0.997561,3,32.293245
-1.0,1,32.634598
-0.999004,2,33.234263
-0.98363,14,37.223662
-0.987359,9,39.795335
-1.0,1,40.087538
-0.994778,5,41.456881
-0.998116,4,42.642146
-0.998694,3,43.460306
-1.0,1,43.738538
-0.997139,4,44.869966
-0.997322,3,45.682356
-0.999036,2,46.215554
-0.994072,5,47.644365
-0.997953,3,48.462991
-0.997362,4,49.519463
-0.991266,8,51.694155
-0.997131,3,52.550702
-0.994962,5,53.891487
-0.99326,7,55.771877
-0.999023,2,56.302597
-1.0,1,56.569197
-0.999,2,57.107641
-0.996923,4,58.225336
-0.995862,5,59.650131
-0.991709,8,61.832232
-0.997582,4,62.89763
-0.994668,6,64.561492
-0.993615,8,66.690871
-0.989779,9,69.229335
-0.994264,8,71.475985
-0.996568,4,72.608656
-0.997375,3,73.40192
-0.99695,3,74.290643
-0.996733,4,75.442375
-0.99251,8,77.568844
-0.99884,4,78.686645
-0.979939,15,82.853293
-0.997585,3,83.652394
-0.982051,16,88.038736
-0.994892,5,89.417209
-0.998402,2,89.982339
-0.992842,6,91.61763
-0.995866,4,92.704738
-0.994007,6,94.383504
-0.998951,3,95.235111
-0.983061,14,99.057173
-0.989073,9,101.552839
-0.988033,9,103.995269
-0.988224,9,106.485043
-0.992588,6,108.130169
-0.99894,4,109.26377
-0.992368,6,110.955227
-0.99456,5,112.329116
-1.0,1,112.60291
-1.0,1,112.891333
-0.997536,3,113.70845
-0.995559,4,114.84156
-0.9962,4,115.949338
-0.998205,3,116.744
-0.994647,5,118.131578
-0.991032,8,120.328822
-0.993678,8,122.509668
-0.998184,3,123.331645
-0.996952,3,124.143373
-0.998816,3,124.987775
-0.992557,7,126.865082
-0.993579,7,128.84379
-1.0,1,129.147312
-0.996885,3,129.980798
-0.998998,2,130.544306
-0.99856,2,131.108068
-0.997098,3,131.959202
-0.997642,3,132.79986
-1.0,1,133.091438
-0.993185,6,134.83112
-0.995846,4,135.970016
-0.999043,2,136.502376
-0.996062,5,137.848071
-0.997218,5,139.164008
-0.994348,6,140.856963
-0.998672,2,141.407636
-0.99842,2,141.945242
-0.988056,12,145.165031
-0.999004,2,145.702698
-0.996906,3,146.50717
-0.994129,6,148.093492
-0.992722,7,149.990317
-0.997777,3,150.782833
-0.998393,2,151.328333
-0.997979,3,152.149006
-0.996154,5,153.50413
-0.998128,3,154.339555
-1.0,1,154.628639
-0.995371,5,155.982543
-0.997311,4,157.036451
-0.998154,4,158.105885
-0.992867,11,161.059831
-0.998635,2,161.606399
-0.993598,6,163.198148
-0.996813,3,164.005881
-0.994396,6,165.626745
-0.987975,10,168.270795
-0.990346,8,170.409899
-0.992666,6,172.045528
-0.992363,6,173.636301
-0.994811,5,174.985111
-0.998639,8,177.184143
-0.996486,4,178.245376
-0.993684,6,179.867604
-0.993403,5,181.24913
-0.999009,3,182.084048
-0.998544,2,182.599057
-0.998032,4,183.72657
-0.991927,7,185.639812
-1.0,1,185.911735
-0.988811,9,188.352302
-0.998738,3,189.145354
-0.996596,4,190.247791
-0.997435,4,191.319557
-0.997351,3,192.130243
-0.99904,2,192.682817
-0.998388,2,193.220022
-0.998572,2,193.759944
-0.997989,3,194.568695
-0.989114,10,197.221179
-0.997262,3,198.039605
-0.999018,2,198.576046
-0.994772,5,199.936494
-1.0,1,200.205768
-0.996285,4,201.271727
-1.0,1,201.554497
-0.995933,4,202.631338
-0.995115,5,203.963729
-0.988605,10,206.654099
-0.997824,4,207.71456
-1.0,1,207.990455
-0.994395,5,209.328105
-0.987656,11,212.264037
-0.99351,8,214.382813
-1.0,1,214.66211
-0.998998,2,215.214626
-0.998505,3,215.993238
-0.99224,8,218.123001
-0.997508,3,218.996263
-1.0,1,219.278209
-0.987637,10,221.939806
-0.998571,2,222.457361
-0.994951,5,223.804542
-0.998411,3,224.606944
-0.998561,2,225.137851
-0.997453,3,225.943485
-1.0,1,226.225621
-0.99433,6,227.854657
-1.0,1,228.127226
-0.986469,11,231.065508
-1.0,1,231.345302
-0.994888,6,232.965631
-0.997459,3,233.769688
-0.998757,2,234.331725
-0.996359,4,235.432339
-0.994055,5,236.782606
-0.998999,2,237.333128
-0.998906,2,237.87768
-0.997927,3,238.703163
-0.998552,2,239.252752
-1.0,1,239.515263
-0.993624,5,240.845549
-0.998389,2,241.389233
-1.0,1,241.648774
-0.995799,5,242.979502
-0.998478,2,243.512626
-0.997173,3,244.319804
-0.995758,4,245.401609
-0.998512,2,245.934682
-0.998693,4,247.004898
-0.989646,8,249.175607
-0.999021,4,250.264365
-0.999008,2,250.83359
-0.997798,3,251.646434
-0.999008,2,252.182256
-0.996185,4,253.274873
-0.993134,7,255.163988
-0.995898,5,256.496125
-1.0,1,256.76989
-0.989262,9,259.158994
-0.997337,4,260.229856
-0.995635,5,261.581633
-0.99904,2,262.139686
-0.997281,4,263.194204
-0.989322,9,265.64296
-0.998034,3,266.455072
-0.99732,3,267.290263
-0.995883,4,268.37126
-0.998824,3,269.1706
-0.997299,3,269.973668
-0.998939,3,270.792791
-0.988366,10,273.490649
-1.0,1,273.758171
-0.998091,3,274.619858
-0.996822,4,275.690451
-0.988934,9,278.111488
-1.0,1,278.37619
-0.994222,7,280.298802
-0.985859,14,284.007898
-0.996312,4,285.075301
-0.998616,2,285.632458
-1.0,1,285.90174
-0.994156,5,287.252013
-0.998563,2,287.810196
-0.988793,11,290.748255
-0.989946,8,292.916997
-0.998476,2,293.463916
-0.99898,4,294.536488
-0.998493,3,295.372512
-0.989841,8,297.531192
-0.997938,4,298.60068
-1.0,1,298.893745
-0.997607,3,299.699273
-0.997359,3,300.512049
-0.996504,4,301.607545
-0.996773,4,302.688437
-0.997858,3,303.510393
-0.998137,5,304.862475
-1.0,1,305.126379
-1.0,1,305.391037
-0.99862,2,305.944184
-1.0,1,306.21057
-1.0,1,306.479707
-0.998485,2,307.010234
-0.989732,9,309.418442
-0.994141,5,310.764188
-0.997227,3,311.594555
-0.995761,4,312.700093
-0.997157,4,313.804313
-0.999047,2,314.362017
-0.998998,3,315.163124
-0.99844,2,315.694711
-0.984869,12,318.921129
-1.0,1,319.193045
-0.993829,6,320.806476
-0.992265,9,323.199886
-0.99532,5,324.553836
-0.999024,2,325.091223
-1.0,1,325.388974
-0.993963,10,328.052032
-0.997563,3,328.855299
-0.995396,7,330.742155
-0.998613,2,331.307547
-1.0,1,331.596037
-0.999003,3,332.408607
-1.0,1,332.676493
-0.998473,2,333.23958
-0.995727,4,334.307545
-0.992912,7,336.160119
-0.989807,8,338.33593
-0.995403,5,339.675365
-1.0,1,339.941756
-0.997342,3,340.73087
-0.995365,5,342.064224
-0.998906,2,342.616862
-0.998795,2,343.143868
-0.995338,4,344.230224
-1.0,1,344.517717
-0.996331,5,345.847949
-1.0,1,346.136935
-0.998998,2,346.669536
-0.99454,6,348.283342
-1.0,1,348.561654
-0.998892,3,349.38183
-0.996075,4,350.471755
-0.994485,5,351.819487
-1.0,1,352.097023
-0.995032,5,353.460674
-0.990817,7,355.339243
-0.992433,7,357.193299
-0.99904,2,357.731944
-0.993239,6,359.417546
-0.995982,4,360.489405
-0.992714,6,362.109529
-0.995419,5,363.44609
-0.997649,3,364.253376
-0.992746,6,365.874819
-0.996462,5,367.187644
-0.993924,7,369.083635
-0.991174,7,370.951083
-1.0,1,371.233913
-0.998993,3,372.034701
-0.996961,3,373.019824
-0.985237,12,376.21438
-0.993291,6,377.822887
-0.987917,10,380.447579
-0.996383,4,381.521973
-1.0,1,381.802575
-0.988167,9,384.244671
-0.998998,4,385.324731
-0.997805,3,386.123193
-0.993237,6,387.725274
-0.991802,7,389.62615
-0.998514,2,390.167127
-0.982619,16,394.407495
-1.0,1,394.674136
-0.998016,4,395.758424
-0.998754,2,396.294837
-0.998693,2,396.830365
-0.985453,12,400.157862
-0.998444,2,400.724536
-0.994634,6,402.303347
-0.994536,5,403.691551
-1.0,1,403.950739
-0.995858,4,405.0357
-0.995265,5,406.399109
-0.994533,5,407.753325
-1.0,1,408.016187
-0.991293,8,410.153367
-1.0,1,410.431728
-0.997667,3,411.222167
-0.997498,3,412.019257
-0.991191,8,414.163153
-0.997785,3,414.955088
-0.997258,4,416.002993
-0.995396,4,417.082685
-0.997616,3,417.910389
-1.0,1,418.209065
-0.998501,2,418.746415
-0.998331,3,419.576632
-0.994547,7,421.454374
-0.995848,5,422.787078
-0.998611,2,423.352155
-1.0,1,423.619159
-0.993944,6,425.222529
-0.995374,6,426.825906
-0.998306,3,427.643243
-0.997578,3,428.459209
-0.998783,3,429.278116
-0.994151,5,430.614424
-0.998891,2,431.141306
-0.995355,4,432.250006
-0.997109,4,433.319656
-0.999019,3,434.469731
-0.998615,2,435.013964
-1.0,1,435.295542
-1.0,1,435.596444
-0.995763,8,437.733666
-0.997892,3,438.55391
-0.996101,5,439.891451
-0.997256,3,440.743359
-0.995997,4,441.830836
-0.994133,6,443.498123
-0.987088,12,446.726907
-0.993475,6,448.361413
-0.99063,8,450.492468
-0.997605,3,451.282432
-1.0,1,451.549474
-0.993598,6,453.183202
-0.997464,3,454.000478
-1.0,1,454.278281
-0.995733,4,455.354342
-0.998509,2,455.906325
-0.990828,8,458.048201
-1.0,1,458.331992
-0.998594,2,458.867735
-0.997954,4,459.959335
-0.986205,12,463.153136
-1.0,1,463.434346
-0.998155,4,464.477226
-0.985345,13,467.958074
-0.998727,4,469.068362
-0.991834,7,470.950918
-1.0,1,471.22762
-0.998354,4,472.290031
-0.995779,5,473.633388
-0.996888,3,474.45551
-0.989709,9,476.830638
-0.994554,6,478.439322
-0.997481,4,479.543829
-0.998495,2,480.087746
-1.0,1,480.356011
-0.988839,10,483.027545
-0.991335,10,485.705779
-1.0,1,485.997683
-0.999019,2,486.53711
-0.997468,3,487.347493
-0.989952,8,489.478346
-0.998857,2,490.032303
-0.988965,9,492.467939
-1.0,1,492.744956
-1.0,1,493.019511
-0.994804,5,494.367402
-0.999023,2,494.929278
-0.990226,8,497.012877
-0.998507,2,497.547761
-0.998746,2,498.121212
-0.998468,2,498.657278
-0.994209,5,500.006053
-0.998532,2,500.551181
-0.993312,6,502.165352
-1.0,1,502.462008
-0.998499,2,503.024654
-0.985557,12,506.218094
-1.0,1,506.486187
-0.998213,4,507.538529
-0.996421,5,508.88647
-0.992866,6,510.495624
-0.996685,4,511.596303
-0.99685,3,512.420137
-0.991344,7,514.331962
-0.997916,3,515.142671
-0.997293,3,515.957742
-0.996244,4,517.047613
-0.998137,4,518.111742
-0.996739,3,518.942099
-0.990863,8,521.054075
-0.98739,10,523.709314
-0.996232,4,524.788755
-0.983922,13,528.260282
-0.99707,4,529.329056
-0.995777,4,530.394324
-0.997351,3,531.21473
-0.993458,6,532.832823
-0.996826,5,534.162855
-0.998404,2,534.70802
-0.99574,5,536.057425
-0.998411,2,536.602564
-0.994466,5,537.93822
-1.0,1,538.210398
-1.0,1,538.476192
-0.986368,10,541.210615
-0.999032,2,541.740721
-1.0,1,542.012573
-0.998541,2,542.564267
-0.988971,11,545.539326
-0.998724,2,546.071537
-0.996148,5,547.417207
-0.997139,3,548.221635
-0.995837,4,549.280984
-0.991634,10,551.976106
-0.995935,4,553.067152
-0.99162,7,554.957889
-0.988574,10,557.655502
-0.998121,3,558.441764
-0.997431,3,559.244901
-0.992945,8,561.398003
-0.995055,6,562.99192
-1.0,1,563.29113
-0.993942,6,564.901484
-0.996033,4,565.979637
-0.984526,12,569.138831
-0.99902,2,569.690824
-0.994184,5,571.066571
-0.989978,8,573.23406
-0.997083,3,574.04368
-0.999005,2,574.60313
-0.996597,4,575.686395
-0.998131,4,576.783394
-0.986026,11,579.710777
-0.997132,3,580.527071
-0.998877,3,581.33523
-0.992344,15,585.355295
-0.999023,2,585.910648
-0.992204,7,587.791693
-1.0,1,588.062129
-0.992924,8,590.239297
-0.996479,4,591.343544
-0.997258,4,592.452356
-0.998906,2,592.997703
-0.998987,3,593.811303
-0.996951,4,594.920181
-0.998178,3,595.752264
-0.995122,5,597.105731
-0.991242,8,599.250426
-0.999004,2,599.774559
-0.998375,3,600.597877
-1.0,1,600.888594
-0.999012,2,601.42779
-0.992694,7,603.313374
-0.997997,4,604.380119
-0.996944,4,605.485971
-0.992119,7,607.384315
-0.99522,5,608.732455
-0.99221,6,610.344728
-0.999017,4,611.444257
-0.986262,13,614.884452
-0.998602,2,615.410795
-0.998998,4,616.473549
-1.0,1,616.74421
-0.989956,9,619.137436
-0.996947,3,619.953323
-0.996377,4,621.013472
-0.997321,4,622.098428
-0.998404,2,622.653001
-0.996942,3,623.455431
-0.998275,3,624.277658
-0.992105,7,626.120535
-1.0,1,626.402294
-0.99888,2,626.953156
-0.98649,11,629.905415
-0.996006,4,630.971407
-0.990787,8,633.130171
-0.991453,8,635.290786
-0.997303,4,636.370847
-0.998584,2,636.921271
-0.998692,2,637.478394
-0.994973,5,638.824538
-0.995806,4,639.928807
-0.989292,9,642.335908
-0.999002,3,643.144818
-0.998037,4,644.200573
-0.988338,10,646.86836
-0.992418,6,648.488001
-0.993689,6,650.136156
-1.0,1,650.401706
-1.0,1,650.675057
-0.998181,4,651.768014
-0.992328,9,654.195448
-0.998272,4,655.276245
-0.998129,3,656.095159
-0.997701,3,656.881754
-0.99841,2,657.4402
-0.999019,2,657.990623
-0.998998,2,658.530392
-0.998469,2,659.092499
-0.990469,8,661.258956
-0.994261,5,662.565025
-0.995275,4,663.65055
-0.998998,2,664.215522
-1.0,1,664.479126
-0.995647,7,666.33077
-0.989358,10,669.004415
-1.0,1,669.286309
-0.997773,4,670.368269
-0.996698,5,671.716707
-1.0,1,671.998651
-0.972695,24,678.374189
-0.998402,2,678.906258
-0.997133,3,679.713794
-0.995343,5,681.049839
-0.995702,5,682.404839
-0.978473,19,687.579252
-0.995152,5,688.936668
-0.998609,2,689.505231
-0.993423,6,691.110816
-0.988773,10,693.789802
-0.999025,2,694.330815
-0.998587,2,694.873415
-0.998594,2,695.422662
-0.994068,7,697.2642
-0.99701,4,698.357478
-0.998899,2,698.896629
-0.995813,4,699.97916
-1.0,1,700.24226
-1.0,1,700.532625
-0.998606,4,701.600875
-0.993994,6,703.222269
-0.988702,11,706.186776
-0.997742,4,707.266284
-0.997117,3,708.107693
-1.0,1,708.389851
-0.997035,3,709.240722
-0.998895,3,710.036205
-0.99579,4,711.164148
-0.998111,4,712.263755
-0.998601,2,712.807942
-0.993307,6,714.432143
-1.0,1,714.712504
-0.998826,2,715.267961
-1.0,1,715.545921
-0.997366,3,716.35269
-0.998998,4,717.45087
-0.99787,4,718.531921
-0.994324,14,722.285302
-0.998801,3,723.09288
-0.995349,5,724.42909
-0.998486,2,724.964359
-0.991364,8,727.167152
-0.98305,15,731.178549
-0.998505,2,731.75233
-0.997623,3,732.551974
-0.99779,3,733.348839
-0.995521,4,734.446085
-0.991853,7,736.306214
-0.997451,3,737.143908
-0.993305,6,738.739531
-0.997183,4,739.812203
-0.99836,4,740.890802
-1.0,1,741.167795
-0.9958,4,742.241678
-0.990716,8,744.391801
-0.999031,2,744.935164
-1.0,1,745.211486
-0.99712,6,746.811472
-0.994049,6,748.426131
-0.994814,6,750.033385
-1.0,1,750.313674
-0.997785,4,751.392486
-0.992697,6,753.0072
-0.978629,19,758.176219
-0.99497,5,759.539412
-0.99627,4,760.621675
-0.989207,10,763.293402
-0.997436,3,764.105495
-0.998662,10,766.80723
-0.99342,7,768.710854
-0.996689,4,769.788341
-1.0,1,770.064429
-0.989864,8,772.218153
-0.994289,6,773.817991
-1.0,1,774.111094
-0.993595,6,775.708293
-0.99838,2,776.254462
-0.996961,3,777.046388
-0.993424,6,778.669875
-0.99795,4,779.721238
-0.999021,2,780.259493
-0.990606,8,782.389446
-0.996946,3,783.228919
-1.0,1,783.493652
-0.995475,5,784.854984
-1.0,1,785.138889
-0.990516,8,787.301367
-1.0,1,787.566824
-0.989549,10,790.23141
-0.99391,6,791.847038
-0.994581,5,793.195183
-0.997922,3,793.994298
-0.998573,2,794.531562
-0.997715,3,795.329949
-0.999036,2,795.862658
-0.99637,4,796.938839
-0.991493,7,798.815819
-0.998956,2,799.360171
-0.990104,9,801.781099
-1.0,1,802.053962
-0.991806,9,804.446114
-0.998423,2,804.992042
-0.998627,2,805.525499
-0.99902,2,806.081799
-0.998898,2,806.633792
-0.999009,2,807.194178
-0.996748,4,808.246511
-0.990744,8,810.408509
-0.991986,7,812.23436
-0.998534,2,812.798491
-0.997737,4,813.891654
-0.993616,6,815.483284
-0.995835,4,816.574671
-0.998418,2,817.106222
-0.997851,3,817.928876
-0.993266,6,819.540418
-0.995084,5,820.885269
-0.997725,4,821.994566
-0.998423,4,823.084478
-0.994827,6,824.733029
-1.0,1,825.001213
-1.0,1,825.276943
-0.992938,14,829.008337
-1.0,1,829.270618
-0.998413,3,830.078652
-0.992969,6,831.706415
-0.99473,5,833.244478
-0.999047,4,834.469992
-0.99406,6,836.294753
-0.994757,5,837.848253
-0.992859,6,839.629106
-0.997908,4,840.843852
-0.99854,2,841.464314
-1.0,1,841.763086
-0.99775,3,842.611458
-1.0,1,842.875551
-1.0,1,843.165571
-0.99622,4,844.249144
-0.999043,3,845.067058
-0.992145,7,846.973448
-0.998607,3,847.790533
-0.996611,5,849.110535
-0.98762,10,851.789505
-0.997831,3,852.619631
-0.993493,7,854.484718
-1.0,1,854.761093
-0.997031,4,855.850052
-1.0,1,856.131462
-0.995403,6,857.691306
-0.996336,6,859.294516
-0.996131,5,860.680423
-0.995446,5,862.03276
-0.997315,3,862.834346
-0.992911,6,864.431678
-0.998083,3,865.254125
-0.997126,3,866.059777
-0.987854,11,869.04659
-0.995985,4,870.13784
-0.993515,6,871.729249
-0.993557,7,873.628652
-0.996031,4,874.717452
-0.997486,3,875.543311
-0.997296,3,876.345193
-0.998283,4,877.434192
-0.997153,3,878.216858
-0.988407,10,880.879608
-1.0,1,881.173102
-0.999034,2,881.720217
-0.994944,5,883.02579
-0.998406,2,883.555202
-0.998531,2,884.077041
-0.998948,3,884.896272
-0.993401,6,886.515667
-0.999044,2,887.062146
-0.997111,3,887.885865
-0.997076,3,888.690446
-1.0,1,888.956482
-0.994443,7,890.824384
-0.995202,5,892.171988
-0.994361,6,893.750879
-0.996007,4,894.823417
-0.985259,12,898.062443
-0.997161,4,899.098351
-0.998506,3,899.918625
-0.998238,3,900.734342
-0.995599,5,902.08935
-0.99735,4,903.195285
-0.991034,8,905.451225
-1.0,1,905.785136
-0.988469,12,909.043793
-0.992182,7,910.916184
-0.993157,7,912.882377
-0.997565,3,913.716904
-0.99482,5,915.062923
-0.997286,3,915.862787
-1.0,1,916.148952
-0.995619,5,917.730583
-1.0,1,918.032187
-0.992237,7,919.916418
-0.997523,3,920.748884
-1.0,1,921.030636
-0.994613,5,922.38612
-1.0,1,922.682367
-0.997324,4,923.746456
-0.997139,4,924.838431
-0.998442,2,925.387963
-0.988768,9,927.813251
-0.998826,3,928.643665
-0.990588,9,931.033645
-0.998998,2,931.57274
-0.990155,8,933.765466
-0.997643,3,934.566635
-0.997348,3,935.375541
-0.992151,8,937.49948
-1.0,1,937.785018
-0.996219,4,938.861243
-0.992212,7,940.759917
-0.992501,7,942.641456
-1.0,1,942.917911
-1.0,1,943.201225
-1.0,1,943.4646
-0.998629,3,944.281448
-0.99734,4,945.366342
-0.997682,4,946.445072
-1.0,1,946.716086
-0.991192,7,948.60217
-0.994057,5,949.94521
-1.0,1,950.217122
-0.998523,2,950.757212
-0.996586,4,951.841369
-0.985631,12,955.04003
-0.998315,4,956.138533
-1.0,1,956.407523
-0.993486,6,958.013911
-0.998497,3,958.839828
-0.997173,4,959.896506
-0.998482,4,960.971576
-0.998917,2,961.505919
-0.99442,5,962.885538
-0.996117,5,964.265592
-0.996656,4,965.302194
-0.99891,2,965.839369
-0.99836,3,966.681718
-0.99431,5,968.148196
-1.0,1,968.445089
-0.996956,4,969.571804
-0.995693,5,970.964091
-0.997472,3,971.778274
-0.998534,2,972.313365
-0.991207,8,974.463946
-0.999028,20,979.850611
-0.997666,3,980.668023
-0.994929,5,982.008924
-0.998555,2,982.561755
-1.0,1,982.84877
-0.997031,3,983.664986
-1.0,1,983.942314
-0.997732,4,985.026589
-0.992833,6,986.619651
-1.0,1,986.898639
-1.0,1,987.190983
-1.0,1,987.484449
-0.996077,4,988.529478
-0.996179,4,989.64418
-0.992449,7,991.472158
-0.991658,7,993.356613
-0.995896,5,994.704343
-0.996072,4,995.813886
-0.998431,2,996.359093
-0.999039,3,997.164444
-0.998448,2,997.716613
-0.99797,3,998.549679
-1.0,1,998.818519
-0.999047,2,999.35716
-0.997234,4,1000.448612
-0.992938,7,1002.315844
-0.986774,12,1005.532017
-0.994519,5,1006.864886
-0.990141,8,1009.019722
-0.997186,3,1009.837301
-0.993238,6,1011.461402
-0.995062,5,1012.777252
-0.998533,2,1013.315776
-0.997182,3,1014.116449
-0.999022,2,1014.665586
-0.998148,3,1015.477786
-0.997263,4,1016.545737
-0.997376,4,1017.641306
-0.998524,2,1018.181352
-0.996871,5,1019.53735
-1.0,1,1019.811702
-0.990516,8,1021.953573
-0.99581,5,1023.283131
-1.0,1,1023.563846
-0.99848,2,1024.116423
-0.996815,3,1024.914642
-0.997412,3,1025.744529
-0.994718,5,1027.092508
-0.995731,6,1028.711317
-1.0,1,1028.974839
-0.993268,7,1030.886708
-0.99672,4,1031.951267
-0.998449,2,1032.480656
-0.992367,8,1034.964885
-0.99684,3,1035.771578
-1.0,1,1036.063681
-0.999047,2,1036.601744
-1.0,1,1036.888885
-0.998394,2,1037.427146
-0.9988,2,1037.956039
-0.997023,4,1039.024174
-0.998486,2,1039.572646
-0.997311,3,1040.389797
-0.994603,6,1042.039568
-0.998609,2,1042.587441
-0.99489,5,1043.948039
-0.992417,6,1045.56071
-0.998433,2,1046.105793
-0.994649,5,1047.448549
-0.995799,5,1048.793768
-0.989964,9,1051.201046
-0.996483,4,1052.270444
-0.99559,4,1053.369258
-1.0,1,1053.635321
-0.993589,6,1055.247838
-0.997355,3,1056.049335
-0.993741,6,1057.690012
-0.997276,3,1058.500299
-0.990934,7,1060.415907
-0.998446,2,1060.962123
-1.0,1,1061.229931
-0.996646,5,1062.566098
-0.999041,2,1063.131935
-0.991858,7,1065.002096
-0.993873,6,1066.598784
-0.994935,5,1067.951176
-1.0,1,1068.221505
-0.995802,4,1069.330362
-0.998384,2,1069.883262
-0.99018,8,1072.021916
-1.0,1,1072.291247
-0.988377,11,1075.221734
-0.993424,6,1076.85023
-0.9963,5,1078.193275
-0.99742,3,1079.016675
-0.983732,14,1082.742627
-0.99463,5,1084.100813
-0.99655,4,1085.189301
-0.994688,5,1086.523106
-0.994625,5,1087.860468
-0.998082,3,1088.675387
-0.999015,2,1089.20203
-0.99882,2,1089.738271
-0.996388,5,1091.085295
-0.996581,5,1092.425106
-0.998998,2,1092.975229
-1.0,1,1093.241278
-0.994952,5,1094.601288
-0.996388,4,1095.700389
-0.994774,5,1097.066483
-0.994366,5,1098.428774
-0.995499,5,1099.780241
-0.99623,5,1101.117362
-0.993243,6,1102.71979
-0.992131,7,1104.590626
-0.996329,4,1105.71249
-0.998897,3,1106.552955
-0.994449,6,1108.196098
-1.0,1,1108.470177
-0.994703,5,1109.815802
-0.981902,14,1113.543718
-0.990272,8,1115.644975
-0.997441,3,1116.444859
-0.995199,4,1121.119934
-0.996279,5,1122.475366
-0.995637,4,1123.549017
-0.995941,7,1125.459901
-1.0,1,1125.738786
-0.998398,2,1126.307045
-0.998393,2,1126.857576
-1.0,1,1127.120842
-0.998535,2,1127.652589
-0.981987,15,1131.669243
-1.0,1,1131.944034
-0.997102,3,1132.73605
-1.0,1,1133.014967
-0.995519,5,1134.351992
-0.995153,5,1135.711569
-0.993537,7,1137.571247
-0.999036,4,1138.691806
-0.994103,6,1140.262055
-0.998043,3,1141.076252
-0.998665,2,1141.622403
-0.992083,7,1143.495366
-0.998628,8,1145.646231
-0.998999,2,1146.184527
-0.995174,5,1147.522091
-0.998468,2,1148.053662
-0.999047,3,1148.862921
-0.996894,4,1149.932734
-0.998529,3,1150.745693
-0.992403,8,1152.887818
-0.991379,7,1154.761313
-0.996242,4,1155.853777
-0.998517,2,1156.415709
-0.999004,6,1157.994966
-0.996329,5,1159.312481
-0.999047,4,1160.399653
-1.0,1,1160.662529
-1.0,1,1160.951626
-0.998995,2,1161.48089
-0.99763,3,1162.297287
-0.988832,11,1165.23122
-1.0,1,1165.514591
-0.99901,2,1166.071674
-0.995335,4,1167.148472
-0.997773,3,1167.953173
-1.0,1,1168.218668
-0.992818,8,1170.348586
-0.997213,4,1171.447994
-1.0,1,1171.720325
-0.994667,6,1173.338542
-0.995523,5,1174.670452
-0.996848,6,1176.277992
-0.998466,2,1176.818655
-0.999035,4,1177.903667
-0.986992,11,1180.870843
-0.993895,7,1182.722631
-1.0,1,1182.993768
-0.989769,8,1185.109148
-0.995847,4,1186.176376
-0.996572,4,1187.26286
-0.996567,4,1188.351662
-0.995143,6,1189.938748
-1.0,1,1190.218704
-0.995283,5,1191.55572
-0.993939,5,1192.932564
-0.998987,2,1193.483061
-0.997112,4,1194.563061
-0.998854,3,1195.388602
-0.998488,2,1195.921934
-0.99731,4,1197.012356
-1.0,1,1197.29608
-0.983921,15,1201.345397
-1.0,1,1201.616364
-0.993463,6,1203.243332
-1.0,1,1203.515281
-0.999001,2,1204.065859
-0.988016,10,1207.057719
-0.993515,7,1208.921048
-0.98652,11,1211.934185
-0.998721,3,1212.74775
-0.998998,3,1213.546063
-0.992338,8,1215.6951
-0.998515,2,1216.234181
-0.993229,6,1217.839169
-0.986753,12,1221.091431
-0.997365,3,1221.917761
-1.0,1,1222.18187
-0.989707,10,1224.852174
-0.999013,3,1225.692248
-0.995897,4,1226.79401
-1.0,1,1227.072266
-0.997336,3,1227.885162
-0.995102,5,1229.233381
-0.993345,6,1230.840793
-0.995956,4,1231.913197
-0.994626,6,1233.536122
-0.995663,5,1234.84344
-0.995703,5,1236.225208
-1.0,1,1236.499452
-0.991938,8,1238.647527
-0.991512,8,1240.805819
-0.99625,5,1242.140352
-0.99444,5,1243.489883
-0.987007,10,1246.204903
-0.997058,3,1247.018574
-0.992107,8,1249.148663
-0.993726,6,1250.765865
-0.997123,4,1251.858581
-0.991071,9,1254.260158
-0.994809,6,1255.864949
-1.0,1,1256.147179
-0.998212,4,1257.237748
-0.998754,3,1258.033474
-0.997002,3,1258.847764
-0.994013,6,1260.450203
-0.989077,10,1263.088765
-0.985012,12,1266.256361
-1.0,1,1266.540914
-0.998454,3,1267.377436
-0.997439,3,1268.171388
-0.994601,6,1269.805604
-0.998037,4,1270.900448
-1.0,1,1271.168069
-0.994717,5,1272.503738
-1.0,1,1272.775506
-0.992888,7,1274.647951
-0.995035,5,1276.047277
-0.998503,2,1276.583036
-0.995316,5,1277.917068
-0.997803,4,1279.010303
-0.986409,13,1282.458291
-0.997981,4,1283.552135
-0.99743,3,1284.375436
-0.998504,2,1284.926739
-0.996318,4,1286.00802
-0.986796,10,1288.652998
-0.989629,9,1291.03882
-0.99659,4,1292.124078
-0.996743,4,1293.200888
-0.983748,15,1297.195528
-0.998389,2,1297.743855
-0.99174,9,1300.168097
-0.997683,4,1301.266285
-0.997299,3,1302.070711
-0.99495,5,1303.42067
-0.997085,3,1304.245872
-0.995287,5,1305.592467
-0.99767,3,1306.418883
-0.998413,2,1306.970615
-1.0,1,1307.240214
-0.996253,5,1308.621545
-0.992035,8,1310.782959
-0.997207,3,1311.566408
-0.992686,7,1313.43052
-0.998313,3,1314.24525
-0.991084,7,1316.162018
-0.996038,4,1317.222811
-0.990922,8,1319.383034
-0.990965,7,1321.285172
-0.99849,2,1321.823293
-0.997975,4,1322.894429
-0.996662,5,1324.247242
-0.998494,4,1325.32026
-0.994913,6,1326.943529
-0.998226,3,1327.76653
-0.996147,4,1328.849723
-0.993571,6,1330.48321
-0.997728,3,1331.316132
-0.992699,7,1333.199917
-1.0,1,1333.467537
-0.988203,10,1336.152508
-0.998646,2,1336.696326
-0.988652,10,1339.375133
-0.992929,7,1341.220434
-0.993963,6,1342.853382
-0.995232,5,1344.231298
-0.99465,6,1345.821954
-1.0,1,1346.09858
-0.997537,4,1347.175815
-0.991422,8,1349.299999
-0.99523,6,1350.896183
-1.0,1,1351.169668
-0.99284,6,1352.789933
-0.993426,9,1355.196222
-0.988116,12,1358.433035
-0.990448,8,1360.577934
-0.990041,8,1362.71155
-0.994088,7,1364.613608
-0.997785,3,1365.404177
-0.996067,4,1366.487592
-0.98507,13,1369.967096
-0.998931,2,1370.488497
-0.995554,6,1372.117318
-0.998812,2,1372.651235
-1.0,1,1372.922922
-0.994608,5,1374.252347
-0.998511,2,1374.799002
-0.993906,5,1376.14131
-0.998721,2,1376.687307
-0.996073,4,1377.79343
-0.993882,5,1379.100646
-0.990363,9,1381.50746
-0.989108,11,1384.404181
-0.995568,4,1385.49286
-0.999031,3,1386.297025
-0.994037,5,1387.659829
-0.996641,4,1388.751629
-0.994974,5,1390.09343
-0.997727,3,1390.917574
-0.998998,2,1391.44575
-0.994156,6,1393.073214
-0.985865,13,1396.517704
-0.989895,9,1398.926159
-0.999027,7,1400.810928
-0.992352,9,1403.247605
-0.998489,2,1403.785244
-0.994107,5,1405.115409
-0.997607,3,1405.9535
-0.998698,2,1406.51444
-0.995444,6,1408.106054
-0.996726,4,1409.170496
-0.998998,4,1410.26052
-1.0,1,1410.547227
-0.997282,3,1411.369785
-0.992079,7,1413.260271
-0.994418,6,1414.879062
-0.995577,4,1415.949632
-0.988083,10,1418.667867
-0.992828,8,1420.814715
-0.996739,4,1421.908451
-0.99187,7,1423.794568
-0.988046,9,1426.192981
-1.0,1,1426.4612
-0.985473,13,1429.945865
-0.986999,10,1432.607682
-1.0,1,1432.885058
-0.989137,11,1435.825734
-0.995513,4,1436.922871
-0.998553,2,1437.446169
-0.998475,2,1437.990549
-1.0,1,1438.264338
-0.994426,6,1439.874284
-0.996479,5,1441.242387
-0.996281,5,1442.57209
-0.998428,2,1443.109999
-0.974809,20,1448.502353
-0.997559,3,1449.309779
-0.996685,4,1450.398616
-0.998589,2,1450.952037
-0.991889,7,1452.817031
-0.989228,9,1455.231183
-1.0,1,1455.50458
-0.993513,6,1457.101556
-0.986483,11,1460.066422
-0.997882,4,1461.132619
-0.994498,6,1462.736359
-0.998477,2,1463.281407
-0.997379,3,1464.093623
-0.992251,8,1466.231332
-0.994845,5,1467.576248
-0.992578,7,1469.451684
-0.997174,3,1470.263274
-0.990063,8,1472.453005
-0.997812,3,1473.30371
-0.989004,9,1475.706931
-1.0,1,1475.970242
-0.999047,2,1476.525029
-0.996316,5,1477.865721
-0.994966,5,1479.216386
-1.0,1,1479.478227
-0.988728,10,1482.133891
-0.995356,6,1483.77634
-0.99431,6,1485.401427
-0.992246,9,1487.834358
-0.993945,5,1489.205665
-0.994541,9,1491.613014
-0.992699,7,1493.483171
-0.991507,7,1495.402462
-0.998751,2,1495.975108
-0.993147,6,1497.579793
-0.998564,2,1498.126554
-0.998447,2,1498.646676
-0.991759,7,1500.535186
-0.995791,4,1501.608291
-0.996216,13,1505.080648
-1.0,1,1505.345697
-0.990319,9,1507.783602
-0.996418,5,1509.12441
-0.997746,4,1510.201352
-0.997399,3,1511.037796
-0.994983,5,1512.385959
-0.996111,5,1513.735591
-0.996059,6,1515.349566
-0.988201,9,1517.768252
-0.988985,9,1520.18799
-0.996403,4,1521.273293
-0.996235,5,1522.631728
-0.995822,4,1523.705359
-0.996199,4,1524.785777
-0.993997,6,1526.379579
-0.993425,9,1528.80663
-0.999022,3,1529.604975
-0.998062,4,1530.672122
-0.996356,4,1531.794211
-0.987144,10,1534.418583
-0.998998,4,1535.51213
-0.992834,6,1537.124719
-0.995495,6,1538.745811
-0.996346,5,1540.07166
-0.997914,4,1541.145175
-0.997157,3,1541.98921
-0.990429,10,1544.67036
-0.990375,8,1546.779952
-0.995411,5,1548.114945
-0.997022,4,1549.211629
-0.998251,11,1552.150378
-0.995597,5,1553.500187
-0.991445,7,1555.374694
-0.994081,6,1556.984946
-0.99339,7,1558.822152
-0.996786,5,1560.176874
-0.99744,3,1560.990268
-0.993332,6,1562.607663
-0.99877,3,1563.422307
-0.997223,3,1564.215922
-0.991492,7,1566.095572
-0.998493,2,1566.634624
-1.0,1,1566.904741
-0.995115,5,1568.257638
-0.99482,5,1569.607893
-0.998044,4,1570.686377
-0.992536,9,1573.063055
-0.999017,2,1573.608315
-0.998835,4,1574.69437
-0.992196,8,1576.841884
-0.995085,5,1578.185737
-0.991237,7,1580.068912
-0.992046,7,1581.926704
-0.993958,7,1583.74133
-0.996727,3,1584.54348
-0.988819,10,1587.254191
-0.998882,3,1588.057262
-0.997736,3,1588.882588
-0.993089,6,1590.476245
-0.999047,2,1591.018881
-0.997903,3,1591.834606
-0.986152,13,1595.318646
-0.998999,2,1595.869645
-0.996139,5,1597.185321
-1.0,1,1597.481271
-0.985933,15,1601.477523
-0.994686,5,1602.804294
-0.995012,5,1604.163511
-0.997223,3,1604.981954
-0.992183,8,1607.099059
-0.991758,7,1609.013131
-0.997031,5,1610.332973
-0.9916,8,1612.477659
-0.997062,3,1613.28085
-0.998411,3,1614.104788
-0.995803,4,1615.175916
-0.998172,3,1615.979606
-0.993451,6,1617.608572
-0.990888,7,1619.479938
-0.990691,8,1621.61105
-0.993822,6,1623.197775
-0.995264,6,1624.812659
-0.996757,4,1625.91002
-0.991583,8,1628.054716
-0.98922,11,1630.994915
-0.990366,8,1633.170964
-0.994457,5,1634.862826
-0.995816,4,1635.932885
-0.988867,10,1638.64737
-0.99421,6,1640.27374
-0.994966,5,1641.640488
-0.991444,7,1643.500119
-0.998495,2,1644.050636
-0.998396,2,1644.602802
-0.991497,7,1646.479512
-0.999041,4,1647.556648
-0.997224,3,1648.354126
-0.990322,8,1650.501027
-0.996891,4,1651.572695
-0.994932,6,1653.208663
-1.0,1,1653.475721
-0.990575,8,1655.617525
-0.997999,3,1656.427718
-0.994357,6,1658.047407
-0.992295,8,1660.167252
-0.994529,7,1662.021969
-0.998408,2,1662.568451
-0.989652,9,1665.00144
-0.995944,5,1666.334277
-0.990038,9,1668.776554
-1.0,1,1669.055894
-0.998985,2,1669.585927
-0.989248,10,1672.285686
-0.999039,2,1672.833965
-0.987405,11,1675.797782
-0.999032,2,1676.339911
-0.995615,4,1677.390639
-0.996932,4,1678.46194
-0.995826,5,1679.811976
-0.995153,6,1681.433508
-0.994129,6,1683.057939
-0.986831,10,1685.749276
-0.991698,7,1687.611693
-0.992682,9,1690.056053
-0.995015,6,1691.686565
-0.995357,4,1692.779664
-0.998533,2,1693.350878
-0.99742,4,1694.414577
-1.0,1,1694.701316
-0.996349,4,1695.783563
-0.997119,4,1696.859195
-0.99904,3,1697.683415
-0.984354,14,1701.408426
-0.994509,5,1702.744934
-1.0,1,1703.035148
-0.998602,2,1703.584856
-0.992876,6,1705.209338
-1.0,1,1705.493366
-0.997813,4,1706.591296
-0.98405,13,1710.076581
-0.999033,3,1710.921471
-0.996556,4,1711.997726
-0.995865,4,1713.10341
-0.995967,5,1714.429275
-0.997998,3,1715.246276
-0.995375,5,1716.617074
-0.999022,2,1717.146224
-0.98849,9,1719.545648
-0.993772,8,1721.684962
-0.996606,5,1723.034329
-0.986702,12,1726.223636
-0.997722,3,1727.037986
-0.9942,6,1728.650904
-0.989272,9,1731.064322
-0.995674,5,1732.407081
-0.99206,8,1734.580662
-0.99367,7,1736.479079
-1.0,1,1736.748377
-0.992704,7,1738.597803
-1.0,1,1738.865242
-0.991655,8,1741.013366
-0.986667,12,1744.195558
-0.988681,9,1746.615102
-0.999037,2,1747.170373
-0.994338,5,1748.521235
-0.997705,4,1749.607729
-0.996096,4,1750.67187
-0.997772,4,1751.744804
-0.993573,6,1753.360828
-1.0,1,1753.630443
-0.992278,7,1755.500022
-0.998501,2,1756.04894
-0.996072,5,1757.384971
-0.996936,4,1758.438698
-0.989203,10,1761.147059
-0.993646,6,1762.781318
-0.997777,3,1763.582203
-0.990951,8,1765.732819
-0.998936,4,1766.803422
-0.997097,4,1767.882387
-1.0,1,1768.153946
-0.998514,2,1768.696535
-1.0,1,1768.99503
-0.99738,4,1770.062248
-0.992293,9,1772.483495
-0.997719,3,1773.29477
-0.995147,5,1774.63511
-0.995032,5,1775.989371
-0.979453,17,1780.543257
-0.98627,11,1783.465443
-1.0,1,1783.735643
-0.98874,9,1786.173564
-0.990783,8,1788.369712
-1.0,1,1788.669448
-0.984811,14,1792.476665
-0.996459,4,1793.554145
-0.997164,4,1794.631716
-0.996325,5,1795.955374
-0.996352,4,1797.048976
-1.0,1,1797.321465
-0.999012,2,1797.874317
-0.999047,2,1798.418735
-0.994309,6,1800.060826
-0.994953,5,1801.399078
-0.995881,4,1802.47595
-0.997275,3,1803.283648
-0.998217,3,1804.10433
-0.981672,15,1808.159288
-0.997592,3,1808.963423
-0.995821,4,1810.037811
-0.99765,3,1810.857154
-0.993588,6,1812.507125
-0.999021,4,1813.592338
-0.993692,7,1815.479385
-0.999033,2,1816.010071
-0.991833,7,1817.920602
-0.992774,7,1819.801634
-0.999001,2,1820.351412
-1.0,1,1820.622025
-0.990898,10,1823.327907
-0.992695,7,1825.2003
-0.996932,3,1826.032402
-0.97763,19,1831.131094
-0.994379,5,1832.475248
-0.998383,2,1833.007596
-0.987242,11,1835.942548
-0.999,3,1836.758592
-0.998409,2,1837.295014
-0.984161,16,1841.627719
-0.994804,7,1843.476268
-0.994261,9,1845.913021
-0.996661,5,1847.253928
-0.997663,3,1848.065926
-0.992944,7,1849.937874
-0.994321,5,1851.294925
-0.998599,2,1851.829545
-0.993567,7,1853.738674
-0.986306,13,1857.232733
-0.994467,5,1858.586416
-0.998999,2,1859.142285
-0.995878,4,1860.239896
-0.996195,5,1861.557664
-0.998998,3,1862.37951
-0.999027,5,1863.755939
-0.992116,7,1865.648318
-0.989771,10,1868.332812
-0.997403,3,1869.136583
-1.0,1,1869.405259
-0.998998,3,1870.228863
-0.997461,3,1871.051416
-0.999047,2,1871.590575
-0.998461,2,1872.13073
-0.998847,3,1872.937575
-0.998551,2,1873.487938
-0.991714,7,1875.353037
-0.99853,2,1875.891261
-0.995648,4,1876.966714
-0.997798,3,1877.774635
-0.991782,7,1879.664141
-0.997347,4,1880.746199
-0.998862,2,1881.293256
-0.992498,7,1883.171525
-0.998176,4,1884.262057
-0.990709,9,1886.676916
-0.986452,12,1889.889149
-0.991822,7,1891.784634
-0.996762,4,1892.858891
-0.998321,3,1893.695271
-0.996532,4,1894.771441
-0.992467,8,1896.910312
-0.997611,3,1897.744313
-0.999003,2,1898.282667
-1.0,1,1898.561799
-0.989803,9,1900.95338
-0.997878,3,1901.743159
-0.998544,2,1902.302001
-0.994699,5,1903.657834
-0.996955,4,1904.732882
-0.994245,5,1906.0476
-0.985956,11,1909.004175
-0.997174,3,1909.845605
-0.989469,10,1912.577761
-0.999047,4,1913.646421
-0.994224,5,1915.000486
-0.997134,3,1915.808122
-0.988119,10,1918.504705
-0.998646,2,1919.03784
-0.99676,5,1920.380892
-0.988766,13,1923.899289
-0.998413,2,1924.432293
-0.997616,4,1925.502172
-0.998021,4,1926.585468
-0.998975,2,1927.144875
-0.997291,7,1928.99503
-0.993722,6,1930.599753
-0.980532,19,1935.685835
-0.997846,8,1937.832721
-0.998998,4,1938.901043
-0.997579,3,1939.724741
-0.995664,5,1941.071161
-0.992824,7,1942.954508
-0.997289,3,1943.759827
-0.99224,8,1945.882845
-0.998613,2,1946.447974
-0.998732,4,1947.51651
-0.98625,10,1950.173462
-0.989624,9,1952.583135
-0.996137,5,1953.916243
-0.990344,10,1956.601483
-0.998586,2,1957.148021
-0.995297,5,1958.484511
-0.996798,5,1959.837186
-0.996828,4,1960.912282
-1.0,1,1961.192544
-0.984666,12,1964.425549
-0.988501,11,1967.376128
-0.99666,4,1968.462023
-0.997531,3,1969.27004
-0.983423,13,1972.750005
-0.996466,4,1973.836813
-0.997951,3,1974.645803
-0.998464,2,1975.187309
-0.996854,5,1976.511248
-0.989424,8,1978.629333
-0.990201,8,1980.794227
-0.993887,6,1982.394917
-0.997103,3,1983.216451
-0.996967,3,1984.002651
-0.994451,5,1985.347783
-0.9972,3,1986.155322
-0.993516,7,1988.05187
-1.0,1,1988.35133
-0.993299,7,1990.245679
-0.998964,2,1990.79348
-0.993936,6,1992.41218
-0.998325,3,1993.215977
-0.990348,8,1995.349039
-0.988182,11,1998.322082
-0.998862,4,1999.408017
-0.997148,3,2000.227102
-0.998999,2,2000.770124
-1.0,1,2001.047101
-0.997562,4,2002.120022
-0.994093,6,2003.748315
-1.0,1,2004.032424
-0.991661,7,2005.91481
-0.995826,4,2007.004358
-0.982577,14,2010.766328
-1.0,1,2011.036521
-0.998542,2,2011.580128
-0.997556,4,2012.671354
-0.996912,3,2013.505284
-0.998502,2,2014.044008
-0.989173,9,2016.506326
-0.998822,3,2017.317099
-0.998891,4,2018.389618
-1.0,1,2018.667489
-0.996846,5,2020.053387
-1.0,1,2020.31737
-0.997257,3,2021.154519
-0.995883,4,2022.234961
-0.986634,11,2025.226128
-0.988219,11,2028.201586
-0.99731,3,2029.020195
-1.0,1,2029.284553
-0.991263,7,2031.187179
-0.997267,4,2032.26956
-0.996996,4,2033.332633
-0.997993,3,2034.180793
-0.999047,2,2034.73432
-0.996649,4,2035.832062
-0.997782,4,2036.929335
-0.995051,5,2038.25159
-0.999047,2,2038.792753
-0.998067,3,2039.608254
-0.999047,4,2040.690005
-0.988383,10,2043.336139
-0.993396,7,2045.207599
-0.983965,14,2048.988519
-0.987106,11,2051.955128
-0.996008,4,2053.049719
-1.0,1,2053.331938
-0.996769,5,2054.670663
-0.999047,2,2055.225701
-0.990561,8,2057.389769
-0.997642,3,2058.195009
-0.997563,3,2059.007458
-0.999013,4,2060.10435
-0.998216,4,2061.158145
-0.994254,5,2062.505708
-0.995405,4,2063.608893
-0.995625,4,2064.722631
-0.991399,7,2066.634195
-0.996888,5,2067.9789
-0.991293,8,2070.122781
-0.99721,3,2070.937243
-0.996475,4,2072.052181
-0.996036,4,2073.114189
-0.993243,6,2074.74585
-0.995724,4,2075.855498
-0.990818,8,2078.01364
-0.996899,4,2079.101636
-0.991405,7,2081.011932
-0.999005,2,2081.562629
-0.996545,4,2082.657953
-0.995571,5,2083.996081
-0.995368,5,2085.309093
-1.0,1,2085.577734
-0.998508,2,2086.122195
-1.0,1,2086.385685
-0.994131,6,2087.998255
-0.984811,13,2091.505772
-0.995656,5,2092.869416
-0.992227,8,2094.990854
-0.987335,9,2097.438369
-0.992036,7,2099.30601
-0.994523,6,2100.912695
-1.0,1,2101.180596
-0.991028,7,2103.094364
-0.994136,12,2106.320794
-1.0,1,2106.601579
-0.997301,3,2107.423813
-0.990757,8,2109.566016
-1.0,1,2109.852183
-0.993377,6,2111.462679
-0.996371,5,2112.813521
-0.998839,3,2113.629812
-0.995562,4,2114.697823
-0.997083,4,2115.766339
-0.994236,6,2117.383278
-0.994197,7,2119.270289
-0.997207,3,2120.071434
-0.995602,5,2121.427346
-0.995802,4,2122.536444
-0.998686,4,2123.624868
-0.995563,5,2124.983078
-0.992659,7,2126.866946
-0.999047,3,2127.707622
-0.998941,3,2128.512723
-0.989365,8,2130.716343
-0.998448,2,2131.273513
-0.986615,11,2134.304723
-0.98803,11,2137.245292
-0.998026,3,2138.075565
-0.98313,14,2141.822155
-0.9975,4,2142.976063
-1.0,1,2143.253655
-0.99831,4,2144.34089
-0.999039,2,2144.881289
-1.0,1,2145.15866
-0.993168,7,2147.021322
-1.0,1,2147.308089
-0.989896,9,2149.951896
-0.995667,4,2151.054312
-0.995708,4,2152.153
-0.993145,6,2154.061318
-1.0,1,2154.395863
-0.995835,4,2155.56216
-0.997807,3,2156.459946
-0.980438,15,2160.744836
-0.997443,4,2162.045724
-0.985958,12,2165.749529
-1.0,1,2166.103961
-0.99792,3,2167.523742
-0.996882,4,2169.366303
-0.994399,5,2171.778728
-0.987353,10,2176.307125
-1.0,1,2176.742854
-0.998436,2,2177.59384
-0.998759,2,2178.543793
-0.993389,6,2181.030511
-0.996713,4,2182.816881
-0.994633,5,2184.975199
-0.990834,8,2188.217242
-0.996067,4,2190.723399
-0.996157,5,2193.034727
-0.994286,5,2195.870343
-0.998342,3,2197.63386
-0.994554,5,2200.693932
-0.993871,6,2204.566774
-0.99642,4,2206.435541
-0.998454,2,2207.185745
-0.982582,15,2214.155501
-0.998523,2,2214.991573
-0.997693,3,2216.342151
-0.989027,11,2221.697792
-0.998998,2,2222.62822
-0.983529,13,2228.383268
-0.992963,8,2231.851795
-0.993835,6,2234.771796
-1.0,1,2235.28179
-0.995737,4,2237.199776
-0.994772,7,2240.53018
-1.0,1,2240.928109
-0.999034,2,2241.760832
-0.995601,4,2243.54359
-1.0,1,2244.028075
-0.991537,7,2247.061688
-0.995447,4,2248.304421
-0.998277,3,2249.121807
-0.984023,13,2252.647235
-1.0,1,2252.926561
-1.0,1,2253.185484
-0.996298,4,2254.241916
-0.992762,7,2256.056343
-0.994419,5,2257.376287
-1.0,1,2257.668155
-1.0,1,2257.939399
-0.998306,3,2258.724153
-0.996876,4,2259.786412
-0.995525,6,2261.357439
-1.0,1,2261.624456
-0.999016,2,2265.673887
-0.983631,14,2269.401865
-0.992235,7,2271.259849
-0.995325,5,2272.576854
-0.998454,4,2273.646867
-0.996228,4,2274.723603
-0.995838,4,2275.793983
-0.995321,5,2277.145746
-0.98979,9,2279.514453
-0.99064,7,2281.368574
-0.995346,5,2282.688275
-0.976883,18,2287.470179
-0.987993,10,2290.134048
-0.998536,3,2290.949471
-0.99071,9,2293.315377
-0.999016,5,2294.721068
-0.999026,2,2295.261149
-0.993284,6,2296.856553
-0.985471,13,2300.320218
-0.993991,7,2302.161226
-0.987643,11,2305.07312
-0.997919,3,2305.90049
-0.983417,14,2309.6071
-0.998513,2,2310.145982
-0.996469,4,2311.216955
-0.992864,6,2312.806842
-0.979577,14,2316.532849
-0.997461,3,2317.336982
-0.987978,9,2319.725341
-0.991027,8,2321.824303
-0.99692,4,2322.935524
-0.990801,7,2324.811862
-0.988524,9,2327.197197
-0.994105,5,2328.56728
-0.994792,5,2329.900894
-0.988265,11,2332.855325
-0.993374,7,2334.725335
-0.992808,6,2336.321437
-1.0,1,2336.611823
-0.995641,4,2337.681449
-1.0,1,2337.951596
-0.989735,9,2340.338623
-0.998654,2,2340.874696
-0.997986,3,2341.694592
-0.997189,3,2342.505214
-0.985198,14,2346.251159
-0.996647,5,2347.59187
-0.999,2,2348.163946
-0.99056,9,2350.559091
-0.995034,5,2351.893242
-0.99554,5,2353.238187
-0.990956,8,2355.365622
-0.998998,2,2355.914436
-0.99501,5,2357.251919
-0.988772,9,2359.641773
-0.997154,3,2360.447639
-0.991345,8,2362.54958
-0.999017,3,2363.335346
-0.99743,3,2364.163936
-0.98955,9,2366.549639
-1.0,1,2366.830904
-0.992069,9,2369.209106
-0.998599,3,2370.006454
-0.995123,5,2371.340279
-0.989649,8,2373.490604
-0.99902,2,2374.034346
-0.990777,7,2375.921105
-0.999035,4,2377.020423
-0.992755,7,2378.880921
-1.0,1,2379.157279
-0.993336,6,2380.766354
-1.0,1,2381.056279
-0.999021,2,2381.610343
-0.985895,13,2385.050189
-0.985131,14,2388.830294
-0.994235,5,2390.146704
-0.99036,8,2392.310442
-1.0,1,2392.584568
-0.998999,2,2393.153094
-0.990968,8,2395.282465
-0.99902,2,2395.834273
-0.996419,5,2397.180375
-0.991762,7,2399.042103
-1.0,1,2399.324036
-0.997173,3,2400.123713
-0.997059,3,2400.942366
-0.996347,4,2402.001434
-0.99855,2,2402.520675
-0.993239,6,2404.123538
-0.99385,6,2405.715203
-0.992925,6,2407.332122
-0.98683,11,2410.281822
-0.997506,3,2411.082971
-0.994503,5,2412.417735
-0.997564,3,2413.214535
-1.0,1,2413.479811
-0.995484,4,2414.539165
-0.988539,9,2416.941348
-0.997493,3,2417.740139
-0.995479,6,2419.37089
-0.994077,5,2420.761335
-0.998343,4,2421.852856
-0.993911,12,2425.057849
-0.992236,7,2426.946178
-0.989393,9,2429.359788
-0.99425,6,2430.972248
-0.989687,9,2433.373337
-0.99851,3,2434.19517
-0.997221,4,2435.278543
-0.993912,6,2436.870337
-0.987038,11,2439.804171
-0.972793,28,2447.272448
-0.975152,20,2452.635324
-0.99797,4,2453.711385
-0.987902,9,2456.120219
-0.995669,4,2457.225796
-0.991625,7,2459.078482
-0.991165,7,2460.94823
-0.987783,11,2463.932903
-0.992822,6,2465.53817
-0.997747,3,2466.352778
-0.99447,8,2468.501144
-0.993162,8,2470.630185
-1.0,1,2470.901479
-1.0,1,2471.183899
-0.990545,8,2473.333106
-0.990681,8,2475.458685
-0.986796,12,2478.63447
-1.0,1,2478.912976
-0.981053,16,2483.176818
-0.990391,8,2485.340706
-0.993332,5,2486.673926
-0.990231,9,2489.086457
-1.0,1,2489.363704
-0.999047,2,2489.914297
-0.995715,5,2491.25345
-0.993673,6,2492.919846
-0.993796,7,2494.800718
-0.992565,7,2496.679081
-0.998081,4,2497.745043
-0.984674,13,2501.266854
-0.996244,4,2502.31116
-0.99809,4,2503.377396
-0.9974,4,2504.444301
-0.996603,4,2505.511325
-0.996016,5,2506.879188
-0.993487,6,2508.498498
-0.998417,3,2509.304195
-0.996246,4,2510.383209
-0.994288,6,2512.002707
-0.998571,3,2512.822014
-0.994837,5,2514.17729
-0.981754,16,2518.491716
-0.999006,2,2519.01968
-0.991943,7,2520.886927
-1.0,1,2521.166214
-0.999005,2,2521.730526
-0.984244,14,2525.471597
-0.995566,4,2526.557737
-0.990291,8,2528.675313
-0.986962,15,2532.700917
-0.990852,8,2534.862577
-0.988978,10,2537.533998
-1.0,1,2537.804459
-0.995888,5,2539.121731
-0.995056,5,2540.470834
-0.993362,6,2542.110209
-0.988293,11,2545.056567
-0.997402,4,2546.133237
-0.999032,2,2546.688167
-0.982128,14,2550.450725
-0.993803,7,2552.347348
-0.989316,9,2554.706234
-0.995703,5,2556.063592
-1.0,1,2556.338326
-0.994562,5,2557.674818
-0.991014,9,2560.127342
-0.999039,2,2560.675025
-0.990637,8,2562.821904
-0.995649,5,2564.160052
-0.994352,5,2565.542161
-0.998935,4,2566.605232
-0.995719,4,2567.688745
-1.0,1,2567.98769
-0.975074,24,2574.467422
-0.983145,13,2577.969202
-1.0,1,2578.24112
-1.0,1,2578.512896
-1.0,1,2578.777611
-0.991209,8,2580.932099
-0.99803,4,2582.033935
-0.993627,7,2583.906539
-0.991377,9,2586.295815
-0.992442,6,2587.896118
-0.998744,4,2588.972171
-0.995114,5,2590.308272
-0.997826,4,2591.414752
-0.998579,2,2591.96702
-0.993215,7,2593.884097
-0.998073,3,2594.695225
-0.988006,12,2597.931228
-1.0,1,2598.224395
-0.992639,7,2600.078886
-0.992304,6,2601.694794
-0.998791,3,2602.499181
-0.99808,4,2603.56241
-0.997469,3,2604.371325
-0.994438,5,2605.745956
-1.0,1,2606.019611
-0.998578,2,2606.560516
-0.999047,4,2607.635989
-0.988406,9,2610.056713
-0.988873,11,2613.044661
-0.993929,7,2614.979683
-0.997416,4,2616.071814
-0.992776,6,2617.677236
-0.998391,3,2618.492438
-0.978807,16,2622.871039
-0.992916,6,2624.463168
-0.996256,6,2626.077225
-0.982101,13,2629.564954
-0.996346,4,2630.640348
-0.994914,5,2631.997904
-0.999012,3,2632.808565
-1.0,1,2633.081269
-0.997492,3,2633.91365
-0.994208,8,2636.064825
-0.97422,19,2641.180066
-0.994467,6,2642.809573
-0.997594,3,2643.635901
-0.989942,8,2645.774182
-0.989437,9,2648.185036
-0.990504,8,2650.340267
-0.998998,3,2651.14681
-0.98966,12,2654.369088
-0.987247,12,2657.590526
-0.996984,3,2658.387812
-0.993707,7,2660.288277
-0.992917,6,2661.894217
-0.993155,7,2663.750938
-0.988051,9,2666.175425
-0.993496,6,2667.797914
-0.990122,9,2670.210565
-0.995901,5,2671.569441
-0.997882,3,2672.387617
-0.997463,4,2673.446603
-0.998495,2,2674.018823
-0.987537,11,2676.968456
-0.99675,4,2678.042231
-0.999047,2,2678.573079
-0.99559,4,2679.627878
-0.997245,3,2680.465437
-0.970101,25,2687.164523
-0.998634,4,2688.23368
-0.996183,4,2689.29988
-0.992407,9,2691.708865
-0.989798,9,2694.103181
-0.993261,6,2695.730904
-0.998998,3,2696.539925
-0.996098,4,2697.618046
-0.995455,5,2698.969209
-0.980259,19,2704.09213
-0.997197,4,2705.193655
-0.996148,4,2706.28566
-0.997629,3,2707.135418
-0.996191,4,2708.219888
-0.986374,15,2712.246492
-0.998518,2,2712.785397
-0.994398,6,2714.362653
-0.99866,3,2715.192599
-0.992127,8,2717.359544
-0.996861,3,2718.194712
-1.0,1,2718.458018
-0.988372,10,2721.175991
-0.985561,11,2724.161903
-0.99775,3,2724.962419
-0.998671,2,2725.515944
-0.996032,4,2726.612298
-0.987005,12,2729.822536
-0.995395,5,2731.140403
-0.998489,2,2731.693664
-0.995002,5,2733.045331
-0.999047,3,2733.842349
-0.991039,8,2735.967769
-0.988984,9,2738.368241
-1.0,1,2738.650367
-0.996354,4,2739.756542
-0.989069,9,2742.164875
-0.997015,3,2743.004738
-0.997869,4,2744.097697
-1.0,1,2744.380734
-0.995806,4,2745.450922
-0.993992,5,2746.781325
-0.995345,5,2748.13244
-0.983809,13,2755.902997
-0.992726,8,2758.124345
-0.999047,2,2758.701311
-1.0,1,2758.967595
-0.991836,7,2760.852046
-0.986379,11,2763.842289
-0.992417,6,2765.454219
-0.998527,2,2766.00352
-0.986991,13,2769.493528
-0.998435,3,2770.299533
-0.992615,7,2772.244577
-0.990937,8,2774.361726
-0.980685,17,2778.926895
-0.990615,9,2781.340427
-0.988303,10,2784.019002
-0.989803,10,2786.71997
-0.993042,6,2788.325379
-0.993276,6,2789.957898
-0.999002,2,2790.509301
-0.996601,5,2791.840428
-0.997222,4,2792.911201
-0.995159,4,2794.001142
-0.992537,7,2795.88019
-0.994737,5,2797.210344
-0.998544,3,2798.024149
-0.98639,10,2800.694323
-0.989073,11,2803.676325
-0.998637,3,2804.538592
-0.989833,9,2806.936445
-1.0,1,2807.224016
-0.99126,7,2809.111687
-0.997564,3,2809.935591
-0.996984,3,2810.764347
-0.999007,3,2811.569882
-0.997225,3,2812.375497
-0.998451,2,2812.938401
-0.992712,8,2815.095897
-0.987944,11,2818.05083
-0.999025,2,2818.606498
-0.993657,7,2820.470341
-0.997583,5,2821.804647
-0.994568,6,2823.412863
-0.99559,5,2824.764486
-0.99902,3,2825.561116
-0.986522,15,2829.547199
-0.98269,13,2833.050153
-0.998503,2,2833.586513
-1.0,1,2834.034661
-0.996074,4,2835.311692
-0.998915,3,2836.110999
-0.99476,6,2837.734858
-0.998376,3,2838.552322
-0.987098,10,2841.268018
-0.996831,3,2842.094771
-0.99326,6,2843.696192
-0.987874,9,2846.119833
-0.979211,17,2850.708419
-0.99851,3,2851.538866
-0.998277,4,2852.647979
-1.0,1,2852.92963
-0.979386,19,2858.012855
-0.987771,10,2860.691963
-0.997929,3,2861.485322
-0.995803,4,2862.567985
-0.990473,9,2864.973876
-0.993654,5,2866.327733
-0.995789,5,2867.68033
-0.995249,5,2869.029987
-0.999019,2,2869.580654
-0.995813,5,2870.939372
-0.998627,2,2871.473841
-1.0,1,2871.740587
-0.994342,5,2873.07759
-1.0,1,2873.34976
-0.997705,4,2874.431703
-0.989393,10,2877.14298
-0.990304,12,2880.439677
-0.987277,11,2883.52767
-0.986673,11,2886.622856
-0.998656,2,2887.190042
-0.996236,5,2888.597974
-0.995461,4,2889.704351
-0.996189,4,2890.814977
-0.996065,5,2892.197274
-0.997688,3,2893.052604
-0.987784,10,2895.821376
-0.987767,10,2898.565868
-0.991446,7,2900.431648
-0.998636,3,2901.250684
-0.990457,9,2903.657115
-0.993714,7,2905.515042
-0.995447,5,2906.854517
-0.998529,3,2907.678833
-0.998537,2,2908.210726
-0.985558,11,2911.149025
-0.996247,4,2912.230752
-0.989136,9,2914.662472
-1.0,1,2914.93038
-1.0,1,2915.206923
-0.998455,3,2916.02054
-0.996534,4,2917.087877
-0.987269,10,2919.759584
-0.980296,15,2923.765809
-1.0,1,2924.041168
-0.996071,4,2925.115115
-0.993893,6,2926.757765
-0.990306,8,2928.89046
-0.99903,7,2930.746006
-1.0,1,2931.021871
-0.989203,10,2933.685447
-1.0,1,2933.983635
-0.995459,5,2935.346815
-0.998068,3,2936.161345
-0.999014,2,2936.700425
-0.994721,5,2938.038569
-0.993607,6,2939.645479
-0.998855,3,2940.462054
-0.990887,8,2942.588309
-0.984486,13,2946.061918
-0.995634,4,2947.157181
-0.997147,4,2948.264735
-0.965405,31,2956.563279
-0.997223,3,2957.37942
-0.990698,8,2959.519962
-0.997681,4,2960.580483
-0.999011,2,2961.129581
-0.99862,2,2961.651175
-0.999019,3,2962.471452
-0.999021,2,2963.006591
-0.991897,7,2964.875539
-0.995051,6,2966.466853
-0.996605,4,2967.550516
-0.993712,5,2968.914335
-0.992776,8,2971.074703
-0.998275,3,2971.907892
-0.997265,3,2972.714175
-0.987199,10,2975.409807
-0.991512,7,2977.253987
-0.985199,13,2980.77453
-0.998611,2,2981.31863
-1.0,1,2981.604227
-0.994112,8,2983.758662
-0.997818,4,2984.81212
-0.997574,3,2985.606825
-0.987276,11,2988.547541
-0.997544,3,2989.352964
-0.993801,6,2990.944676
-0.991377,8,2993.084338
-0.996346,4,2994.147479
-0.990006,10,2996.807504
-0.991981,8,2998.932743
-0.993021,6,3000.54843
-0.996389,5,3001.87775
-0.997826,3,3002.689584
-0.992411,6,3004.300199
-0.988173,10,3006.99241
-0.989451,9,3009.402826
-0.996999,5,3010.762161
-0.980878,17,3015.291218
-0.998886,4,3016.35637
-0.991238,9,3018.7722
-0.990492,8,3020.9245
-0.986275,11,3023.810536
-0.998379,2,3024.35233
-0.998092,3,3025.164763
-0.995716,5,3026.509329
-0.99782,3,3027.314897
-0.993575,5,3028.670528
-0.996185,5,3030.029127
-0.980897,14,3033.799983
-0.994157,7,3035.709999
-0.994818,5,3037.090068
-0.99458,5,3038.430334
-0.985439,12,3041.63165
-0.983677,15,3045.706298
-0.998098,4,3046.786813
-0.986683,12,3050.024109
-0.992077,8,3052.159241
-0.989911,10,3054.822735
-0.991903,8,3056.985649
-1.0,1,3057.24995
-1.0,1,3057.538226
-0.998507,2,3058.075315
-0.994047,5,3059.416961
-0.995625,7,3061.331682
-0.996349,5,3062.691844
-0.992116,8,3064.83735
-0.995022,5,3066.187656
-0.991187,7,3068.071186
-0.988518,9,3070.463404
-0.996203,5,3071.839022
-0.997028,4,3072.883312
-0.996935,5,3074.213988
-1.0,1,3074.495677
-0.998615,2,3075.051571
-0.989411,10,3077.723876
-1.0,1,3078.001913
-0.98814,10,3080.677069
-0.998634,2,3081.233394
-0.999044,2,3081.782229
-0.99609,5,3083.142087
-0.978578,17,3087.697328
-0.995501,5,3089.015374
-0.993357,6,3090.625562
-0.994844,5,3091.976638
-0.98843,10,3094.664799
-0.995034,5,3095.999911
-0.998614,4,3097.087152
-0.992174,7,3099.042938
-0.985435,13,3102.544
-0.985957,11,3105.584669
-0.990452,9,3108.011076
-0.996681,4,3109.095525
-0.994453,6,3110.70492
-0.998926,3,3111.506445
-0.987923,10,3114.204883
-0.998045,3,3115.014121
-0.988203,9,3117.435806
-0.998486,2,3117.980084
-0.990085,8,3120.151366
-0.997508,3,3120.978726
-0.99853,2,3121.524209
-0.984015,13,3125.061844
-0.986665,12,3128.312514
-1.0,1,3128.59711
-0.99115,7,3130.57332
-0.995137,5,3131.994184
-0.995391,5,3133.482583
-0.997667,4,3134.647022
-0.996138,5,3136.066742
-0.987477,10,3138.906947
-0.989998,8,3141.224138
-0.999036,2,3141.820681
-0.994909,5,3143.295085
-0.996561,4,3144.472841
-0.993522,8,3146.862457
-0.998426,4,3148.056103
-0.997006,4,3149.244769
-0.9986,2,3149.860685
-0.998219,4,3151.015235
-0.985026,13,3155.296737
-0.985939,11,3158.4983
-0.987527,10,3161.438148
-0.998395,2,3162.2732
-1.0,1,3162.616939
-0.99405,6,3164.441493
-0.976118,20,3170.477338
-0.998088,4,3171.613019
-0.998275,5,3173.043045
-0.988763,9,3175.712206
-0.998626,2,3176.328875
-0.993101,6,3178.118301
-0.991297,8,3180.488205
-0.999047,2,3181.042134
-0.993032,7,3183.003927
-0.978016,18,3188.118829
-0.997131,4,3189.21698
-0.994126,8,3191.406622
-0.994507,6,3193.02285
-0.997305,3,3193.817114
-0.988777,9,3196.221974
-0.988359,12,3199.413279
-0.993766,8,3201.553862
-0.996408,5,3202.867892
-0.99686,4,3203.953051
-0.994274,7,3205.858154
-0.995112,5,3207.181359
-0.986443,10,3209.832131
-0.989153,9,3212.266091
-0.998549,2,3212.796327
-0.995955,4,3213.867622
-0.985485,11,3216.791932
-0.994737,6,3218.431218
-0.996851,3,3219.237451
-0.997416,4,3220.34884
-0.980102,17,3224.902427
-0.998494,4,3225.977493
-1.0,1,3226.260189
-0.994164,5,3227.60518
-0.996151,4,3228.686876
-0.99835,3,3229.500574
-0.992934,7,3231.385777
-0.998457,2,3231.947994
-0.996565,4,3233.011142
-0.984857,13,3236.492494
-0.998623,2,3237.028432
-0.998613,3,3237.836966
-0.995673,5,3239.186013
-0.998222,4,3240.256543
-0.986485,13,3243.793398
-1.0,1,3244.066746
-0.998505,2,3244.609355
-0.992497,7,3246.49525
-0.989144,9,3248.915402
-0.996444,4,3249.97256
-0.993199,6,3251.580299
-0.995759,4,3252.639441
-0.997141,3,3253.45323
-0.994629,6,3255.068136
-0.995555,4,3256.145103
-0.986946,10,3258.825251
-0.98686,10,3261.483907
-0.996895,5,3262.845677
-0.968713,23,3269.032066
-0.999013,2,3269.574058
-0.995802,5,3270.95742
-0.999034,2,3271.508571
-0.99382,5,3272.853146
-0.98924,8,3275.029253
-0.986497,12,3278.243244
-0.980487,15,3282.261772
-0.998977,3,3283.060497
-0.995804,6,3284.678482
-0.987691,11,3287.621035
-0.985929,10,3290.280621
-0.997617,3,3291.093177
-0.997162,3,3291.910138
-1.0,1,3292.175089
-1.0,1,3292.445256
-0.986017,11,3295.371556
-0.991783,9,3297.774817
-0.987996,10,3300.430081
-0.988566,9,3302.877901
-0.98372,14,3306.629659
-0.988027,11,3309.641973
-1.0,1,3309.909942
-0.990222,8,3312.078524
-0.990893,8,3314.198593
-0.992694,8,3316.368024
-1.0,1,3316.630033
-0.998615,3,3317.439585
-0.98696,11,3320.406608
-1.0,1,3320.686455
-0.988933,10,3323.33122
-1.0,1,3323.608341
-0.993789,6,3325.248049
-0.979782,17,3329.764355
-0.994038,5,3331.107233
-0.990479,8,3333.269587
-0.990652,8,3335.388389
-0.998998,2,3335.930202
-0.995381,4,3337.024801
-0.969358,28,3344.552598
-0.994951,6,3346.172914
-0.99775,3,3347.006939
-0.991892,7,3348.888862
-0.993648,6,3350.516145
-0.999011,3,3351.327076
-0.992346,6,3352.930148
-0.998691,2,3353.473855
-0.997788,3,3354.314413
-0.98333,16,3358.689348
-0.995691,6,3360.344321
-0.997965,4,3361.471037
-0.99439,6,3363.102961
-0.998802,2,3363.664358
-1.0,1,3363.941759
-0.997377,3,3364.774889
-0.986106,13,3368.385416
-0.991541,7,3370.304477
-0.998304,3,3371.150207
-0.987591,10,3373.817166
-0.991999,7,3375.67594
-0.992528,7,3377.596033
-0.989423,9,3384.033154
-0.995601,5,3385.37563
-0.998133,3,3386.181239
-0.993821,7,3388.080869
-0.972571,21,3393.773126
-0.988578,9,3396.229869
-0.975873,19,3401.468189
-0.984663,13,3405.112176
-0.990856,8,3407.345086
-0.992205,7,3409.2628
-0.995171,5,3410.633073
-0.991207,8,3412.840868
-0.996369,5,3414.263887
-0.992384,8,3416.49025
-1.0,1,3416.773321
-0.994122,7,3418.717499
-1.0,1,3419.020176
-0.985659,11,3422.080891
-0.996119,5,3423.449942
-0.996533,4,3424.559814
-0.989614,11,3427.653541
-0.989307,10,3430.428316
-0.995828,5,3431.756583
-0.998529,2,3432.317001
-0.981273,15,3436.977578
-0.996953,4,3438.099149
-0.997802,3,3438.912327
-0.999047,3,3439.742771
-0.989045,10,3442.633655
-0.984274,13,3446.135627
-0.988821,9,3448.594995
-1.0,1,3448.869249
-0.988941,9,3451.300483
-0.969725,27,3458.543459
-0.985584,11,3461.531729
-0.98364,13,3465.052053
-0.979308,16,3469.335596
-0.996832,5,3470.672363
-0.994091,6,3472.255624
-1.0,1,3472.533916
-0.983561,15,3476.570785
-0.998351,3,3477.391289
-1.0,1,3477.676567
-0.992387,8,3479.770112
-0.988191,10,3482.439106
-1.0,1,3482.715754
-0.983507,14,3486.403858
-0.997822,4,3487.456943
-0.968562,26,3494.479201
-1.0,1,3494.748172
-0.984825,12,3497.924683
-0.996281,4,3499.010552
-0.977601,18,3503.81293
-0.989401,10,3506.510635
-0.983783,14,3510.261117
-0.976015,20,3515.571594
-0.993807,10,3518.260829
-0.99465,5,3519.613373
-0.992016,7,3521.508768
-0.98853,9,3523.895834
-0.99295,10,3526.553087
-0.993309,7,3528.410017
-0.988039,10,3531.077027
-0.99268,10,3533.738542
-0.983847,13,3537.203593
-0.991857,8,3539.356413
-0.989145,9,3541.785656
-0.997187,4,3542.858453
-0.986016,11,3545.802591
-0.987387,10,3548.498254
-0.991873,7,3550.396797
-0.972485,20,3555.764766
-0.992984,7,3557.667488
-0.990663,8,3559.813901
-0.986149,13,3563.309697
-0.972744,22,3569.255286
-0.986703,11,3572.342913
-0.91205,118,3607.200365
-0.993978,7,3609.337059
-0.998388,2,3609.931781
-0.992796,8,3612.293384
-0.992756,8,3614.645864
-0.983539,14,3618.820584
-0.981191,16,3623.553382
-0.987749,11,3626.669672
-0.998165,5,3628.086277
-0.99305,7,3630.041032
-0.993929,6,3631.68381
-0.987954,9,3634.189921
-0.99851,2,3634.758838
-0.996135,4,3635.823325
-0.982023,14,3639.552068
-0.9917,7,3641.378682
-0.981801,14,3645.104492
-0.997373,4,3646.156998
-0.984188,13,3649.583412
-0.986716,10,3652.262735
-0.993795,8,3654.428999
-0.990309,9,3656.81068
-0.992306,8,3658.899306
-0.99406,5,3660.263544
-0.993242,6,3661.852926
-0.994149,5,3663.180505
-0.992471,8,3665.34068
-0.996623,4,3666.410635
-0.994658,5,3667.740166
-0.996908,5,3669.099307
-0.997629,4,3670.158207
-0.99876,2,3670.710894
-0.998592,3,3671.522603
-0.991756,7,3673.393222
-0.978174,18,3678.144585
-0.992391,7,3680.003114
-0.998321,4,3681.070258
-0.992789,6,3682.673
-0.986304,13,3686.116404
-0.998936,3,3686.899303
-0.997686,4,3687.994404
-0.996137,6,3689.573958
-0.991541,7,3691.447897
-0.994054,8,3693.562441
-0.989485,8,3695.722084
-0.994996,5,3697.065567
-0.996746,4,3698.148462
-0.993923,6,3699.76691
-0.977585,19,3704.899323
-0.995481,6,3706.516764
-0.992062,8,3708.644425
-0.996261,6,3710.256085
-0.993508,5,3711.600091
-0.979999,14,3715.322008
-0.983481,14,3719.050559
-0.997371,5,3720.38507
-0.975529,20,3725.688694
-0.992292,8,3727.841927
-0.992104,7,3729.725997
-0.997914,4,3730.833742
-0.996511,4,3731.898707
-0.974317,20,3737.222305
-0.987329,10,3739.956102
-0.997744,3,3740.764553
-0.998612,2,3741.293085
-0.997269,3,3742.11872
-0.977811,19,3747.207814
-1.0,1,3747.471376
-0.988331,10,3750.146928
-0.997071,4,3751.226333
-0.997754,3,3752.037954
-0.985692,12,3755.273669
-0.994347,5,3756.598652
-0.998844,3,3757.407744
-0.980699,14,3761.176495
-0.993387,8,3763.319971
-0.988653,10,3766.012969
-0.98159,16,3770.325093
-0.994702,5,3771.684778
-0.992084,7,3773.559144
-0.987702,10,3776.258383
-0.99272,7,3778.15405
-0.996997,3,3778.980555
-0.998491,4,3780.070885
-0.982022,18,3784.92716
-0.990696,9,3787.339854
-0.987629,13,3790.816518
-0.999041,2,3791.356083
-0.98036,15,3795.38114
-0.987083,13,3798.882778
-0.975949,20,3804.218692
-0.991914,7,3806.094637
-0.98747,12,3809.272467
-0.981902,13,3812.781106
-0.99212,7,3814.662227
-0.981195,15,3818.809931
-0.997376,3,3819.660519
-0.992642,9,3822.187911
-0.992487,8,3824.465067
-0.993077,6,3826.186455
-0.994533,6,3827.89509
-0.997498,3,3828.748639
-0.999002,2,3829.335845
-0.998595,3,3830.187152
-0.9849,13,3833.945776
-0.987977,10,3837.007223
-0.995581,6,3838.786879
-0.992913,6,3840.595656
-0.995149,5,3842.106437
-0.976188,19,3847.768914
-0.989474,11,3851.059131
-0.993931,6,3852.876631
-0.990112,9,3855.503469
-0.997778,4,3856.686653
-0.997995,4,3857.883168
-0.998998,2,3858.466125
-1.0,1,3858.759929
-1.0,1,3859.064423
-0.992815,7,3861.164774
-0.989613,8,3863.511332
-0.989217,9,3866.454226
-0.997351,3,3867.33055
-0.99791,4,3868.491353
-0.995031,6,3870.176047
-0.992233,7,3872.192007
-0.99091,7,3874.25799
-0.987255,12,3877.791059
-0.991553,7,3879.809066
-0.99755,3,3880.655705
-0.981541,16,3885.155203
-0.971607,25,3892.023165
-0.988904,10,3894.68142
-0.993222,6,3896.252073
-0.98872,9,3898.60419
-0.985994,11,3901.51035
-0.991203,7,3903.359184
-0.994969,5,3904.662704
-0.997899,4,3905.74674
-0.980526,16,3910.00456
-0.997357,3,3910.807826
-0.992444,7,3912.653647
-0.992782,9,3915.062914
-0.987966,10,3917.708389
-0.98389,13,3921.173022
-0.977453,19,3926.210387
-1.0,1,3926.490126
-0.989499,10,3929.117911
-0.995132,6,3930.750042
-0.989185,10,3933.427814
-0.98748,10,3936.136209
-0.977983,18,3940.91933
-0.993149,7,3942.823705
-0.982222,13,3946.264873
-0.998715,3,3947.077063
-0.998805,2,3947.642067
-1.0,1,3947.910263
-0.983034,14,3951.671348
-0.994888,5,3953.016334
-0.990096,8,3955.177114
-1.0,1,3955.451255
-0.980159,16,3959.756301
-0.990296,8,3961.89194
-0.997521,3,3962.694759
-0.998475,4,3963.774882
-0.985226,11,3966.714482
-0.988372,10,3969.423353
-0.993054,6,3971.015858
-0.983526,13,3974.542622
-0.993108,6,3976.143004
-0.988156,10,3978.803015
-0.99728,3,3979.627157
-0.994415,6,3981.246307
-0.998407,2,3981.779429
-0.973593,23,3987.941012
-0.989519,11,3990.880581
-0.977785,18,3995.713189
-0.985668,12,3998.910485
-0.993899,5,4000.248213
-0.990905,8,4002.408593
-0.988107,10,4005.072731
-1.0,1,4005.337838
-1.0,1,4005.601526
-0.988467,9,4007.993155
-0.989761,9,4010.397899
-0.986477,11,4013.311277
-0.987376,11,4016.243488
-0.982067,16,4020.552669
-1.0,1,4020.814232
-1.0,1,4021.087407
-0.9937,6,4022.670608
-0.989592,11,4025.644542
-0.984462,15,4029.672362
-0.995693,4,4030.74533
-0.998769,4,4031.897659
-1.0,1,4032.216332
-0.998357,3,4033.103077
-0.993139,7,4036.070843
-0.994103,5,4037.601299
-0.98755,11,4041.006101
-0.980406,16,4051.773795
-0.996689,4,4056.03671
-0.996215,4,4060.306266
-1.0,1,4061.324356
-0.990688,9,4070.776884
-0.970536,24,4095.869225
-0.983355,15,4111.564878
-0.978969,17,4130.410763
-0.984432,12,4143.083427
-0.989779,8,4151.617931
-0.994019,6,4157.881964
-0.99796,4,4162.169586
-0.97729,18,4173.442383
-0.989231,10,4175.972024
-0.992897,6,4177.507619
-0.983901,14,4181.142504
-0.994582,6,4182.701733
-0.997337,3,4183.462417
-0.992069,9,4185.757368
-0.994432,5,4187.069635
-0.990247,8,4189.124453
-0.996452,4,4190.18241
-0.99125,8,4192.30808
-0.990753,8,4194.357775
-0.993973,5,4195.673905
-0.998998,2,4196.196482
-0.991284,7,4198.060214
-0.98778,10,4200.674749
-0.998424,2,4201.216305
-0.986112,11,4204.076433
-0.990532,8,4206.186508
-0.997212,4,4207.261252
-0.987578,10,4209.878303
-0.989535,8,4211.995828
-0.988142,11,4214.909292
-0.998851,2,4215.44646
-0.987907,10,4218.053071
-0.988326,10,4220.759584
-0.990196,10,4223.399229
-0.98572,10,4226.06249
-0.987167,11,4228.948562
-0.997953,3,4229.748769
-0.997083,4,4230.808761
-0.997479,3,4231.60481
-0.992048,7,4233.48907
-0.999022,2,4234.031172
-0.994483,5,4235.350593
-0.996767,4,4236.399035
-0.996806,4,4237.489541
-0.989892,8,4239.594488
-0.996776,4,4240.685767
-0.991364,7,4242.5491
-0.985706,13,4245.968042
-0.997023,3,4246.783261
-0.997441,3,4247.579736
-0.992324,7,4249.498562
-0.993978,6,4251.07123
-0.98518,11,4254.003006
-0.997537,4,4255.057494
-0.996914,4,4256.141892
-0.978907,18,4260.87684
-0.995724,4,4261.929293
-0.998481,3,4262.727793
-0.990002,9,4265.146873
-0.955061,43,4276.547819
-0.97702,19,4281.587492
-0.989236,10,4284.281485
-0.996502,5,4285.600724
-0.992632,8,4287.732805
-0.992316,7,4289.613564
-0.998567,2,4290.150175
-0.988686,10,4292.796411
-0.988095,10,4295.443232
-0.99196,7,4297.328998
-0.998197,4,4298.426464
-0.99587,4,4299.479785
-0.996291,5,4300.792605
-0.987546,13,4304.2688
-0.995922,4,4305.342993
-0.992935,6,4306.97179
-0.977617,18,4311.826188
-0.981787,14,4315.571686
-0.99849,2,4316.118155
-0.984168,12,4319.308834
-0.989467,9,4321.720789
-0.9905,8,4323.862843
-0.991977,7,4325.739604
-0.984715,12,4328.969974
-0.994594,5,4330.29824
-0.998566,2,4330.839344
-0.994188,5,4332.188191
-0.998682,2,4332.7176
-0.992102,8,4334.848494
-0.999024,2,4335.377599
-0.99809,4,4336.442068
-0.977963,18,4341.276571
-0.987411,10,4343.919482
-0.994073,6,4345.559894
-0.990713,9,4347.941736
-0.99576,5,4349.303289
-0.994681,5,4350.620657
-0.993462,7,4352.592307
-0.986495,13,4356.126499
-0.989616,9,4358.553735
-0.994276,5,4359.884485
-0.998377,4,4360.946927
-0.993961,6,4362.554964
-0.998481,3,4363.364098
-0.998124,4,4364.45846
-0.988977,10,4367.094944
-0.990686,9,4369.498122
-0.999008,4,4370.569229
-0.973843,22,4376.503209
-1.0,1,4376.76917
-0.990696,7,4378.664207
-0.991496,7,4380.520385
-0.985256,12,4383.716622
-0.988901,10,4386.383746
-0.989666,9,4388.757184
-0.991686,7,4390.675822
-0.990821,7,4392.546143
-0.975286,22,4398.41371
-0.979696,16,4402.703517
-0.99245,7,4404.581892
-0.996504,4,4405.662136
-0.989261,10,4408.344272
-0.987467,10,4411.043307
-0.988472,10,4413.703108
-0.98615,12,4416.913301
-0.982888,14,4420.710229
-0.993405,7,4422.579543
-0.98493,12,4425.759156
-0.99743,4,4426.994723
-0.998391,4,4428.107994
-0.983287,13,4431.741813
-0.997168,3,4432.584108
-0.989567,8,4434.782881
-0.974873,22,4440.980031
-0.995835,4,4442.120057
-0.991328,9,4444.621353
-0.998638,2,4445.206548
-0.991552,7,4447.100994
-0.999009,2,4447.643551
-0.990134,8,4449.801732
-0.994407,6,4451.466304
-0.992093,7,4453.3685
-1.0,1,4453.644588
-0.988124,10,4456.339437
-0.991107,8,4458.494927
-0.985693,11,4461.441332
-0.989819,8,4463.585662
-0.977355,19,4468.680483
-0.97896,18,4474.227903
-0.971586,21,4480.617064
-0.995044,6,4482.449225
-0.998799,2,4483.050435
-0.996993,3,4483.960681
-0.991625,9,4486.666728
-0.992911,6,4488.467398
-0.992936,7,4490.555948
-0.982506,14,4494.771191
-0.995845,4,4495.97697
-1.0,1,4496.27879
-0.991586,7,4498.388209
-0.989242,9,4501.070817
-0.987799,10,4504.172575
-0.987758,9,4507.016035
-0.994878,7,4509.319642
-1.0,1,4509.630009
-0.994843,5,4511.174255
-0.979872,16,4516.871635
-0.98534,14,4521.222052
-0.998483,2,4521.844561
-0.99737,4,4523.049166
-0.998497,2,4523.643981
-0.990949,7,4525.832149
-0.99067,8,4528.901928
-0.996811,3,4529.782276
-0.995599,5,4531.218891
-0.99104,7,4533.193922
-0.99396,5,4534.601272
-0.99524,5,4535.984547
-0.965339,31,4544.470013
-0.981567,15,4548.446544
-0.997375,3,4549.22389
-0.998379,2,4549.749201
-0.993714,6,4551.353236
-0.985561,11,4554.235214
-0.993872,6,4555.847205
-0.988029,12,4559.01947
-0.993868,5,4560.382512
-0.992919,6,4561.982458
-0.994932,5,4563.301955
-0.993655,6,4564.885989
-0.981445,17,4569.427586
-0.99322,7,4571.299375
-0.987146,12,4574.512243
-0.987251,11,4577.456942
-0.993023,7,4579.332643
-0.991408,8,4581.465353
-0.982022,18,4586.30511
-0.979623,19,4591.366949
-0.998523,2,4591.918705
-0.980873,16,4596.222145
-0.993989,7,4598.099586
-0.985485,12,4604.84852
-0.998998,2,4605.402264
-0.988646,9,4607.828626
-0.995047,4,4608.918772
-0.997316,3,4609.715095
-0.989446,10,4612.388865
-0.986159,11,4615.369391
-0.990385,8,4617.520707
-0.984504,14,4621.251384
-0.997846,4,4622.43093
-0.983894,14,4626.181226
-0.998621,3,4626.997105
-0.985846,12,4630.187884
-0.986082,11,4633.130814
-0.999026,2,4633.683129
-0.987806,10,4636.671201
-0.987983,10,4639.351228
-0.979902,17,4643.900958
-0.998846,2,4644.452537
-0.992152,7,4646.320509
-0.990826,8,4648.462814
-0.982824,16,4652.721597
-0.987849,10,4655.36955
-0.987606,10,4657.99522
-0.979307,16,4662.236244
-0.995926,4,4663.315049
-0.978197,18,4668.448872
-0.980785,15,4672.796364
-0.985842,14,4676.990018
-0.979136,16,4681.726098
-0.990394,8,4684.130178
-0.988623,9,4687.067923
-0.950562,50,4701.918516
-0.988813,9,4704.589036
-0.977984,17,4709.44486
-0.973913,20,4715.102693
-0.995863,4,4716.192764
-0.995274,5,4717.55465
-0.991941,7,4719.464698
-0.999013,2,4720.013915
-0.991174,8,4722.143195
-0.991032,8,4724.271226
-0.986918,11,4727.158234
-0.989601,9,4729.725073
-0.993942,5,4731.061705
-0.976995,23,4737.143627
-0.989713,9,4739.545076
-0.98095,14,4743.284567
-0.983057,14,4747.019161
-0.949146,57,4762.310563
-0.991124,7,4764.15946
-0.986652,11,4767.098819
-0.997927,3,4767.919709
-0.995149,4,4769.01128
-0.971139,26,4775.964908
-1.0,1,4776.244995
-0.982771,16,4780.533973
-0.96142,28,4787.98575
-1.0,1,4788.256516
-1.0,1,4788.542779
-0.982784,14,4792.262879
-0.979981,15,4796.237281
-0.969836,29,4804.018119
-0.983121,14,4807.797884
-0.987436,11,4810.73815
-0.986757,12,4813.968272
-0.993769,6,4815.61248
-0.97018,22,4821.467226
-0.978401,19,4826.570431
-1.0,1,4826.854087
-0.979302,16,4831.166739
-0.986325,10,4833.857561
-0.987015,11,4837.154044
-0.995663,4,4838.444076
-0.975866,20,4844.329858
-0.989422,9,4847.056802
-1.0,1,4847.35924
-0.997498,3,4848.287938
-0.985843,12,4851.828919
-0.977057,20,4857.816404
-0.986426,12,4861.430624
-0.986208,10,4864.396221
-0.980064,16,4869.531792
-0.995772,5,4871.024924
-0.994381,5,4872.526578
-0.995725,5,4873.995152
-0.976304,18,4879.36392
-0.997789,4,4880.561805
-1.0,1,4880.861995
-1.0,1,4881.159163
-0.994553,6,4882.953755
-0.982985,16,4887.682241
-0.99679,3,4888.560898
-0.998412,3,4889.446204
-0.985838,12,4892.990526
-0.994488,7,4895.015472
-0.980162,18,4900.182323
-0.980364,17,4904.75628
-0.987416,11,4907.655617
-0.993254,6,4909.241674
-0.989398,10,4911.883751
-0.993465,6,4913.447193
-0.998998,2,4913.983855
-0.992932,7,4915.849127
-0.992997,6,4917.422822
-0.985971,12,4920.625059
-0.989164,9,4923.038579
-0.977499,18,4927.85999
-0.993401,6,4929.453628
-0.992968,7,4931.280464
-0.95624,38,4941.458301
-0.995879,4,4942.528136
-0.988834,10,4945.229625
-0.984733,11,4948.219435
-0.998537,2,4948.793541
-0.987433,10,4951.471774
-0.997525,4,4952.563529
-0.961497,30,4960.590287
-0.972333,21,4966.338727
-0.998034,3,4967.160682
-0.992916,6,4968.828586
-0.995732,5,4970.197514
-0.972355,23,4976.448333
-0.995737,4,4977.518986
-0.989166,9,4979.958196
-0.990967,7,4981.845897
-0.983931,14,4985.613249
-0.99449,5,4986.970692
-0.991106,7,4988.836426
-0.984705,14,4992.56712
-0.992101,7,4994.447272
-0.998502,2,4994.986142
-0.98036,15,4999.006322
-0.991477,7,5000.866697
-0.996127,5,5002.210448
-0.991369,8,5004.521002
-0.969478,29,5013.214255
-0.988565,9,5015.977719
-0.97962,15,5020.560086
-0.988631,9,5023.244667
-0.999014,2,5023.841571
-0.987623,10,5026.816455
-0.993943,6,5028.597678
-0.983404,15,5033.504268
-0.994029,5,5035.074122
-0.990973,8,5037.64804
-0.967619,29,5046.677593
-0.991114,7,5048.862124
-0.998386,2,5049.52266
-0.998572,4,5050.738936
-0.979733,16,5055.64744
-0.993374,6,5057.469745
-0.986435,10,5060.572068
-0.996275,4,5061.80528
-0.985751,13,5065.715229
-0.992898,7,5067.907533
-0.974996,22,5074.643424
-0.998998,4,5075.825774
-0.989001,10,5078.858479
-0.990872,8,5081.209142
-0.994029,6,5083.054465
-0.990075,9,5085.783658
-0.978714,20,5092.35603
-0.991553,8,5094.931811
-0.994618,5,5096.414998
-0.988159,10,5099.407228
-0.983659,15,5104.320519
-0.984917,12,5107.984536
-0.992725,6,5109.80091
-0.994818,5,5111.322451
-0.990612,8,5113.658187
-0.997098,3,5114.556443
-0.994378,6,5116.366834
-0.993227,8,5118.733355
-0.982526,14,5122.90985
-0.983626,13,5126.820165
-0.980289,15,5131.235948
-0.981806,14,5135.358519
-0.985002,13,5139.231952
-0.991276,10,5142.148862
-0.998147,3,5143.04831
-0.981905,14,5147.254939
-0.997534,3,5148.166618
-0.990485,10,5151.186436
-0.991612,7,5153.224388
-0.983803,13,5157.10656
-0.995926,5,5158.624919
-0.978032,17,5163.650107
-0.992739,6,5165.446536
-0.999047,2,5166.021086
-0.98412,14,5170.296082
-0.994337,5,5171.798986
-0.998378,3,5172.699513
-0.986525,13,5176.613758
-0.98937,10,5179.586692
-0.993686,5,5181.088184
-0.995715,4,5182.280012
-0.950936,38,5193.56897
-0.988071,10,5196.538702
-0.98058,18,5201.917281
-0.982932,13,5205.799026
-0.958915,32,5215.297366
-0.990042,8,5217.656597
-0.936541,57,5235.552012
-0.997131,4,5236.770894
-0.986267,13,5240.746371
-0.980656,16,5245.870344
-0.988198,10,5248.828917
-0.982595,18,5254.24267
-0.9748,21,5260.745561
-0.983262,14,5264.917892
-1.0,1,5265.227564
-0.986077,12,5268.790927
-0.987185,10,5271.767161
-0.991345,7,5273.849043
-0.981646,14,5278.025599
-0.993502,7,5280.218969
-0.99692,4,5281.418613
-0.989729,8,5283.816095
-0.996803,4,5284.998849
-0.994673,5,5286.487388
-0.997272,3,5287.597926
-0.989042,9,5290.461884
-0.98969,9,5293.201639
-0.987633,10,5296.165468
-1.0,1,5296.481415
-0.99066,8,5298.842826
-0.999003,4,5300.035898
-0.998489,4,5301.251442
-0.99115,8,5303.616205
-0.991667,7,5305.697215
-0.997076,3,5306.604336
-0.983184,15,5311.0861
-0.998008,4,5312.326923
-0.990544,9,5315.052213
-0.994684,6,5316.825383
-0.987945,10,5319.877757
-0.987585,11,5323.144479
-0.995869,5,5324.613517
-0.99738,4,5325.81862
-0.996162,4,5327.02642
-0.981901,17,5340.866812
-0.982873,15,5356.776346
-0.988377,10,5367.264378
-0.986436,12,5379.903368
-0.991383,7,5387.316612
-0.995022,5,5392.719901
-0.995321,6,5399.037857
-0.993641,6,5405.558798
-0.990592,8,5413.926116
-0.978155,17,5431.829548
-0.978384,16,5448.668802
-0.989408,11,5460.104416
-0.981322,14,5475.46154
-0.969949,29,5506.484697
-0.95529,40,5548.733929
-0.996472,4,5552.932085
-0.993566,6,5559.233014
-0.990802,8,5567.555384
-0.973958,23,5591.765059
-0.993397,9,5601.183865
-0.995989,5,5606.4525
-0.996053,4,5610.715116
-0.997265,3,5613.994732
-0.979026,15,5629.637164
-0.989663,10,5640.179534
-0.999036,2,5642.286751
-0.984407,13,5656.053601
-0.986789,10,5666.532594
-0.990619,8,5675.058263
-0.982345,15,5690.841449
-0.979098,18,5709.846941
-0.990469,8,5718.387604
-0.992482,6,5724.657363
-0.998565,4,5728.94818
-0.987115,9,5738.286053
-0.99235,7,5746.156618
-0.987982,10,5757.050269
-0.992183,7,5764.530145
-0.998406,2,5766.680538
-0.992013,7,5774.008538
-0.995413,4,5778.241616
-0.977831,16,5794.9138
-0.984326,13,5808.49829
-0.975062,19,5828.407528
-0.991775,8,5837.698191
-0.988204,10,5848.889661
-0.992937,6,5855.311166
-0.987022,11,5866.852896
-0.987114,10,5877.518765
-0.985714,13,5891.516374
-0.968169,27,5919.953475
-0.996681,4,5924.240762
-0.963897,34,5960.009686
-0.993864,6,5966.347711
-0.98422,13,5980.187267
-0.995137,5,5985.420683
-0.991554,7,5992.796927
-0.978105,16,6009.832809
-0.996996,3,6013.006079
-0.990252,9,6022.879938
-0.96308,26,6050.016284
-0.989077,8,6058.443263
-0.982153,15,6074.249111
-0.990983,9,6083.586476
-0.997715,3,6086.79717
-0.998238,4,6091.141714
-0.986533,12,6103.923056
-0.997469,4,6108.147132
-0.984064,14,6122.992103
-0.981158,15,6138.79586
-0.993195,6,6145.05503
-0.988897,9,6154.508006
-0.994965,5,6159.745855
-0.98803,10,6170.323002
-0.963584,30,6201.991335
-0.995525,5,6207.300377
-0.992769,6,6213.580675
-0.98328,14,6228.273553
-0.98216,14,6242.93766
-0.998583,4,6247.209213
-0.981437,15,6262.940716
-0.994665,5,6268.26299
-0.987441,14,6282.847934
-0.978764,19,6302.951893
-0.985406,11,6315.249724
-0.985504,12,6328.066122
-0.998369,4,6332.375677
-0.975562,20,6353.421018
-0.976648,19,6373.780924
-0.975196,19,6393.763789
-0.992867,7,6401.140372
-0.998914,4,6405.307105
-0.955355,34,6443.083025
-0.985385,11,6454.608599
-0.987443,11,6466.291484
-0.98651,11,6477.961044
-0.987087,10,6488.569046
-0.987367,11,6519.388275
-0.991151,8,6527.900615
-0.984393,13,6541.552527
-0.985489,14,6556.616162
-0.999004,3,6559.826616
-0.981932,15,6575.701973
-0.992144,7,6583.054511
-0.974793,26,6610.459775
-1.0,1,6611.57149
-0.997013,3,6614.691717
-0.987737,11,6626.150868
-0.986891,13,6639.792089
-0.989352,9,6649.585163
-0.980717,17,6667.527469
-0.994434,6,6673.891409
-0.99076,9,6683.253474
-0.989251,9,6692.67972
-0.986756,10,6703.200555
-0.986943,11,6714.682701
-0.987373,11,6726.19443
-0.999002,2,6728.373259
-1.0,1,6729.429905
-0.991063,7,6737.041703
-0.99129,8,6745.412707
-0.996423,4,6749.502794
-0.98477,14,6764.253128
-0.987705,10,6774.883652
-0.99636,5,6780.11931
-0.986631,11,6791.787432
-0.986128,11,6803.430939
-1.0,1,6804.501409
-0.996968,3,6807.749538
-0.992699,6,6813.948874
-0.994326,5,6819.208584
-0.993647,6,6825.521331
-0.988549,10,6835.976794
-0.98452,11,6847.601313
-0.980017,17,6865.462769
-0.993324,8,6875.564949
-0.990518,8,6885.366679
-0.981604,14,6900.181427
-0.974802,21,6922.255215
-0.960794,33,6957.40527
-0.988646,10,6967.908594
-0.987289,11,6979.502257
-0.992203,7,6986.843257
-0.978404,18,7006.204717
-0.972411,24,7045.989592
-0.97956,17,7064.713722
-0.998133,4,7068.906545
-0.972198,22,7092.243762
-0.98381,12,7104.913208
-0.989549,9,7114.27594
-0.983504,12,7126.927295
-0.972209,25,7153.486954
-0.960412,33,7188.470391
-0.987465,10,7198.948284
-0.991926,8,7207.286725
-0.991013,10,7217.83579
-0.986641,12,7230.443857
-1.0,1,7231.522567
-0.965976,33,7266.165706
-0.979009,16,7283.432238
-0.985765,11,7294.986625
-0.985981,11,7306.908329
-0.983796,13,7320.65671
-0.974711,21,7342.608811
-0.983623,14,7357.429103
-0.980852,16,7374.209321
-0.965817,28,7403.499019
-0.989011,9,7413.085948
-0.987136,11,7424.566986
-0.989589,11,7436.143193
-0.98406,13,7449.862025
-0.962879,33,7484.65849
-0.987116,10,7495.158518
-1.0,1,7496.224146
-1.0,1,7497.313375
-0.984859,14,7512.046502
-0.989668,9,7521.528213
-0.994486,8,7529.944778
-0.967031,34,7566.551299
-0.987701,10,7577.112214
-0.991038,7,7584.854543
-0.997342,4,7589.141868
-0.980988,16,7605.889274
-0.979392,17,7623.662819
-0.96823,26,7652.410679
-0.99,9,7661.860267
-0.984675,11,7673.420406
-0.990637,8,7681.678462
-0.990163,10,7692.316537
-0.988669,9,7701.706852
-0.97896,19,7722.178031
-0.982454,14,7736.865592
-0.993741,7,7744.36727
-0.994799,5,7749.693541
-0.998516,3,7752.866471
-0.991495,8,7761.204902
-0.989561,11,7772.746104
-0.986302,11,7784.41313
-0.969273,25,7811.028343
-0.937189,121,7938.104265
-0.990066,9,7947.536048
-1.0,1,7948.605971
-0.991419,7,7955.984071
-0.992382,6,7962.23704
-0.948844,45,8009.73412
-0.980214,16,8026.509609
-0.947469,45,8074.104546
-0.974069,20,8095.165019
-0.981319,15,8111.564267
-0.990759,7,8119.526303
-0.972372,23,8146.043505
-0.978939,15,8161.757931
-0.991638,7,8169.207688
-0.947252,118,8295.405066
-0.982125,14,8310.095517
-0.991721,7,8317.533358
-0.997168,4,8321.741122
-0.911268,91,8418.444586
-0.991478,7,8426.060333
-0.968899,26,8454.085691
-0.99777,4,8458.457939
-0.98832,11,8470.238881
-0.989778,8,8478.706694
-0.986427,14,8493.389741
-0.978702,17,8511.113964
-0.982667,14,8525.814546
-0.989748,10,8536.323308
-0.989935,9,8545.758982
-0.996592,4,8549.930793
-0.973196,23,8573.800011
-0.97399,21,8595.987626
-0.987927,10,8606.538102
-1.0,1,8607.621307
-0.982285,16,8624.397664
-0.989918,8,8632.84779
-0.993164,7,8641.083591
-0.988878,10,8652.673287
-0.982578,14,8668.226976
-0.983689,13,8682.593284
-0.981999,15,8699.24695
-0.945567,41,8745.225408
-0.981931,15,8762.333814
-0.992189,7,8770.142666
-0.981129,15,8787.108612
-0.994403,5,8792.516448
-0.997226,4,8796.924268
-0.985003,12,8810.554474
-0.987584,10,8821.578974
-0.998512,2,8823.894007
-1.0,1,8824.998692
-0.995502,5,8830.566447
-0.989407,9,8841.604239
-0.97697,18,8862.292643
-0.99267,8,8871.146667
-0.97944,19,8892.725198
-0.968842,26,8921.757546
-0.984786,13,8936.315762
-0.979823,18,8956.333143
-0.970445,23,8981.825566
-0.976711,17,9001.036476
-0.932469,84,9094.675349
-0.987708,10,9105.653211
-0.989014,10,9116.742054
-0.991889,8,9125.557963
-0.980949,14,9141.191076
-0.996726,5,9146.657851
-0.998634,2,9148.972417
-0.9614,30,9182.197233
-0.981033,16,9199.796681
-0.987995,10,9210.739388
-0.982217,15,9227.195897
-0.94778,46,9279.127705
-0.998998,3,9282.464353
-0.985535,12,9295.668928
-0.98116,15,9312.253544
-0.989477,9,9321.998178
-0.993181,9,9331.921658
-0.997247,3,9335.249933
-0.979736,17,9353.752122
-0.98888,9,9364.406415
-0.991894,8,9373.099319
-0.993973,6,9379.605181
-0.988234,10,9390.571661
-0.981731,15,9407.072857
-0.982949,14,9422.449616
-0.990273,10,9433.421124
-0.984089,12,9448.06467
-0.990867,7,9455.829768
-0.985497,12,9469.028709
-0.987267,10,9480.10666
-0.990354,8,9489.148327
-0.97227,23,9514.457804
-0.981479,21,9537.666092
-0.993255,6,9546.415085
-0.992219,7,9556.315137
-0.988573,9,9569.202107
-0.982505,14,9589.59937
-0.990408,8,9601.084738
-0.991386,7,9611.053427
-0.988567,9,9622.527052
-0.99408,7,9631.468898
-0.986117,11,9644.819901
-0.950583,50,9697.653105
-0.995918,5,9702.952018
-0.991573,7,9710.246629
-0.992823,6,9716.52339
-0.972638,25,9743.17873
-0.989625,8,9751.568995
-0.9893,9,9760.966773
-0.984537,13,9774.689834
-0.976342,18,9793.665205
-0.945895,51,9847.414781
-0.979302,18,9868.056535
-0.984829,14,9882.948545
-0.975528,18,9902.007688
-0.994483,6,9908.788587
-0.995943,4,9913.328848
-0.98555,11,9924.918858
-0.990647,9,9934.344567
-0.97786,18,9953.357866
-0.973595,20,9974.410005
-0.975408,19,9994.354754
-0.973758,22,10017.779367
-0.980322,17,10036.202488
-0.989608,8,10045.084154
-0.990568,8,10053.435709
-0.987846,10,10063.955197
-0.976956,17,10081.731726
-0.943262,57,10143.158738
-0.983058,13,10156.981421
-0.98426,13,10170.527332
-0.984113,14,10185.294986
-0.997492,3,10188.529573
-0.98713,10,10198.828573
-0.986726,11,10210.312561
-0.988352,10,10220.977254
-0.985994,12,10233.479716
-0.977162,22,10256.532966
-0.989831,9,10266.505972
-0.957626,39,10307.620106
-0.974122,20,10328.669582
-0.993117,6,10335.293027
-0.98745,11,10346.815373
-0.983702,13,10360.422868
-0.992829,7,10367.853325
-0.991044,7,10375.378892
-0.988428,10,10385.794424
-0.986446,11,10397.394403
-0.997837,3,10400.582244
-0.984123,12,10413.097156
-0.977376,20,10433.953986
-1.0,1,10435.055486
-0.967424,27,10463.25457
-0.998525,2,10465.383601
-0.989072,8,10473.761748
-0.982209,15,10489.640217
-0.986886,11,10501.074536
-0.971218,25,10527.848975
-0.987859,10,10538.440766
-0.991798,7,10546.274091
-0.978819,16,10563.186718
-0.997747,3,10566.374465
-0.973789,21,10588.664706
-0.98894,9,10598.361474
-0.989774,8,10606.962246
-0.987923,10,10617.510897
-0.988786,10,10628.09062
-0.996384,4,10632.382327
-0.984921,13,10647.46994
-0.94192,51,10701.180869
-0.957557,37,10740.0067
-0.97113,23,10764.878754
-1.0,1,10766.033206
-0.994199,6,10772.362396
-0.987142,11,10783.845594
-0.991829,9,10793.339256
-0.967595,28,10823.219906
-0.978156,16,10840.043409
-0.993504,7,10847.504275
-0.999008,2,10849.575586
-0.988682,9,10859.021676
-0.972944,20,10880.115952
-0.992598,6,10886.497784
-0.989207,10,10896.969625
-0.992395,7,10904.686377
-0.993429,6,10910.979516
-0.980926,16,10927.756554
-0.993429,6,10934.036187
-0.988118,10,10945.008764
-0.990424,8,10953.335046
-0.989356,9,10962.827677
-0.976251,20,10984.130457
-0.995341,5,10989.41163
-0.9426,109,11104.403736
-0.98206,15,11120.388163
-0.993444,6,11126.705651
-0.98909,10,11137.378453
-0.997455,3,11140.540666
-0.987755,10,11150.991684
-0.995917,4,11155.302595
-0.963639,29,11187.32723
-0.993062,6,11193.577878
-0.996104,5,11198.866185
-0.982005,15,11214.55562
-0.965463,28,11245.44949
-0.987332,9,11254.897121
-0.984227,13,11268.583947
-0.978625,18,11287.476536
-0.980785,15,11303.188313
-0.992794,7,11310.537545
-0.98592,11,11322.808992
-0.985286,14,11337.514624
-0.971833,23,11361.863097
-0.970192,22,11385.175723
-0.983932,15,11401.32028
-0.977625,18,11420.575225
-0.996441,4,11424.707912
-0.998411,3,11427.892622
-0.97315,22,11464.179312
-0.980181,15,11479.862348
-0.967023,28,11509.249452
-0.987038,11,11520.664701
-0.988879,9,11530.0755
-0.982226,18,11548.779135
-0.984519,14,11563.466155
-0.989056,9,11572.850565
-0.979009,16,11589.599871
-0.995838,6,11596.048385
-0.994316,5,11601.452444
-0.993296,7,11608.860411
-0.99449,6,11615.145813
-0.986702,12,11627.856443
-1.0,1,11628.945328
-0.997852,4,11633.497385
-0.980839,16,11650.453561
-0.97347,20,11671.590498
-0.988794,10,11682.113858
-0.970546,25,11708.874591
-1.0,1,11709.968128
-0.980475,16,11729.261911
-0.98463,12,11743.026454
-0.988481,9,11752.41882
-0.98467,13,11766.004071
-0.957747,35,11802.518031
-0.985317,12,11815.248889
-0.953907,137,11960.373037
-0.99699,4,11964.598777
-0.99154,7,11972.006949
-0.976177,21,11994.078054
-0.994401,5,11999.403685
-0.97107,22,12022.965979
-0.961784,36,12061.096249
-0.990569,8,12069.676014
-0.952389,173,12251.438895
-0.971888,24,12276.6034
-0.973569,20,12297.399764
-1.0,1,12298.467959
-0.94935,144,12451.926833
-0.999036,2,12454.048987
-0.978834,19,12474.091154
-0.997594,4,12478.304571
-0.984,13,12492.098054
-0.993798,6,12498.331248
-0.984744,13,12511.847588
-1.0,1,12513.004444
-0.917546,160,12682.207512
-0.960746,36,12720.278069
-0.977141,20,12741.529931
-0.988473,11,12752.996368
-0.981762,13,12766.600616
-0.981688,14,12781.234634
-0.988741,9,12790.662643
-0.964311,30,12821.826611
-1.0,1,12822.907774
-0.986817,11,12834.267995
-0.994878,5,12839.535552
-0.990179,8,12847.804246
-0.971645,24,12873.128944
-0.982958,16,12890.425938
-0.980447,14,12905.767647
-0.990734,8,12914.223632
-0.967356,30,12945.499141
-0.994004,6,12951.75576
-0.990383,8,12960.212602
-0.983599,16,12977.698741
-0.936372,103,13087.850884
-0.98882,10,13098.368715
-0.996013,5,13103.584854
-0.986472,12,13116.161277
-0.949637,191,13318.045976
-0.990335,8,13326.664164
-0.985487,12,13339.324629
-0.962842,26,13366.760493
-0.989019,10,13377.225936
-0.972916,23,13401.421459
-0.966996,23,13425.672713
-0.959219,43,13454.553534
-0.976051,19,13460.978655
-0.95217,125,13498.399223
-0.987097,10,13501.452071
-0.991193,9,13504.286369
-0.984013,12,13508.023083
-0.91727,213,13589.559911
-0.931812,84,13626.445696
-0.989901,9,13629.988796
-0.918543,181,13713.493289
-0.978851,17,13721.308329
-0.992568,7,13724.111831
-0.987508,10,13728.425378
-0.973826,22,13738.241384
-0.984606,13,13743.533629
-0.986587,11,13748.013407
-0.950949,44,13767.511288
-0.996797,4,13769.170894
-0.988606,10,13773.108518
-0.97409,21,13781.6711
-0.992176,7,13784.368073
-0.980143,17,13791.359777
-0.989404,10,13795.542122
-0.974173,22,13804.815932
-0.991203,8,13808.134012
-0.990981,8,13811.465898
-0.987273,11,13816.044317
-0.973994,24,13826.503518
-0.982945,15,13833.129783
-0.976223,20,13841.647579
-0.98885,9,13845.488989
-0.96937,28,13857.959555
-0.993132,6,13860.857511
-0.985671,11,13865.522727
-0.987176,10,13869.532744
-0.997527,4,13871.202228
-0.986097,12,13876.226557
-0.998966,3,13877.513362
-0.99405,5,13879.737812
-1.0,1,13880.163179
-0.977849,17,13887.678367
-0.991962,8,13890.793186
-0.998042,3,13892.032725
-0.975836,21,13900.979648
-0.944229,204,13986.550798
-0.973758,23,13995.971535
-0.929863,176,14068.650594
-0.998709,3,14070.024079
-0.988938,10,14074.375324
-0.985863,12,14079.228242
-0.984968,12,14084.396135
-0.955388,42,14101.880413
-0.994614,7,14104.780587
-0.992058,7,14107.643264
-0.957367,39,14124.111896
-0.93204,69,14153.538603
-0.980957,15,14159.596071
-0.937015,92,14197.848759
-0.986105,11,14202.471157
-0.994695,5,14204.364068
-1.0,1,14204.854432
-0.989696,9,14208.601854
-0.989092,10,14212.601818
-0.969596,27,14223.71403
-0.992782,6,14226.158695
-0.976757,20,14234.952794
-0.93752,157,14299.389565
-0.98067,14,14305.15611
-0.990289,8,14308.275162
-0.992511,7,14311.132395
-0.978647,22,14319.700778
-0.966727,31,14332.786158
-0.983402,13,14338.105371
-0.920643,142,14402.976094
-0.979511,17,14410.183025
-0.987646,10,14414.334818
-0.952727,50,14435.064295
-0.953345,46,14453.441648
-0.986702,12,14458.452341
-0.988199,9,14461.987645
-0.97457,22,14470.998983
-0.993449,6,14473.343318
-0.982683,19,14481.738475
-0.99116,8,14485.215239
-0.981804,14,14491.241268
-0.998484,4,14493.208663
-0.93205,165,14562.903923
-0.959753,38,14578.662763
-0.982594,15,14585.13204
-0.938783,118,14634.44112
-0.985805,13,14639.973234
-0.983916,14,14645.453812
-0.983974,13,14650.791783
-0.957584,104,14694.766229
-0.927699,174,14767.050854
-0.980629,17,14774.543449
-0.936268,157,14839.552333
-0.950182,136,14896.511329
-0.957248,40,14914.982199
-0.980625,15,15003.25377
-0.945228,117,15050.890495
-0.991209,8,15054.133228
-0.9768,19,15061.623541
-0.983044,14,15067.368042
-0.953026,146,15127.839222
-0.989908,8,15131.103483
-0.982259,15,15136.951029
-0.982483,15,15143.266677
-0.985298,13,15148.511233
-0.975147,23,15157.932744
-0.97056,26,15168.890853
-0.989689,9,15172.514067
-0.991709,7,15175.3636
-0.995074,5,15177.300925
-0.982705,16,15185.547934
-0.985008,12,15191.327673
-0.941019,162,15260.055285
-0.985254,12,15264.907815
-0.9407,148,15328.431035
-0.967621,28,15340.415905
-0.976768,25,15350.96369
-0.985029,13,15356.513973
-0.978764,18,15364.05699
-0.972567,23,15373.611363
-0.975295,23,15383.197194
-0.963841,32,15396.86919
-0.995816,5,15398.844688
-0.919924,148,15461.521257
-0.970366,118,15510.583003
-0.980204,17,15517.703832
-0.989121,8,15520.915714
-0.992686,6,15523.528006
-0.994402,6,15525.83559
-0.997391,4,15527.531606
-0.978755,18,15535.15384
-0.985223,12,15540.321771
-0.98937,9,15543.92313
-0.986264,11,15548.621455
-0.997806,4,15550.378654
-0.981052,15,15556.677014
-0.927191,231,15650.191788
-0.983244,14,15656.002009
-0.993096,7,15658.680041
-0.999043,2,15659.451763
-0.952419,121,15709.646154
-0.963823,31,15722.614151
-0.980797,16,15728.84229
-0.975061,19,15736.243776
-0.987839,11,15740.664154
-0.976482,19,15748.436974
-0.920812,137,15805.801485
-0.976969,18,15813.487764
-0.990382,9,15817.199448
-0.919537,251,15921.577585
-0.987912,10,15926.332297
-0.973551,22,15936.054492
-0.989444,9,15940.103022
-0.978051,18,15947.270617
-0.986215,11,15951.593843
-0.938696,113,15999.028909
-0.991073,8,16002.515857
-0.942647,56,16027.908499
-0.982815,13,16033.449859
-0.913568,197,16113.911629
-0.979952,17,16120.426317
-0.930229,153,16188.751649
-0.98381,14,16194.280937
-0.98057,17,16200.984106
-0.976711,18,16208.685617
-0.965717,138,16265.19466
-0.985092,12,16271.86563
-0.973769,22,16287.830138
-0.93279,80,16325.064127
-0.950658,177,16399.936859
-0.962594,164,16466.576272
-0.975203,20,16474.526681
0.083365,300,16596.658425
-0.980923,17,16603.549445
-0.983242,14,16609.134699
-0.941229,102,16648.57267
-0.974058,20,16653.973292
-0.99077,8,16656.305613
-0.954284,128,16709.452331
-0.987918,10,16713.428083
-0.973406,27,16724.357743
-0.950453,84,16757.908772
-0.950639,256,16863.383348
-0.970749,23,16872.903809
-0.977636,17,16879.491681
-0.983339,14,16885.316728
-0.985832,12,16890.706774
-0.931296,147,16950.000525
-0.984921,12,16954.90307
-0.992338,7,16957.867812
-0.999047,2,16958.811831
-0.984867,13,16963.990839
-0.972664,28,16975.858126
-0.955724,121,17026.025994
-0.940528,205,17113.099043
0.03727,300,17238.000882
-0.995026,6,17240.562134
-0.9868,10,17244.594525
-1.0,1,17244.995577
-0.946816,106,17287.50777
-0.965377,35,17301.61661
-0.938586,207,17386.590354
-0.981168,17,17393.549253
-0.986443,11,17398.271973
-0.968953,26,17408.752501
-0.937118,137,17465.075352
-0.959082,39,17480.688588
-0.980191,19,17489.847718
-0.987732,10,17494.404891
-0.953208,142,17554.059936
-0.954766,85,17588.748465
-0.987973,10,17592.521514
-0.931221,183,17664.501246
-0.963431,102,17699.851965
-0.980286,16,17706.675512
-0.960879,228,17800.641557
-0.977817,19,17808.096046
-0.952447,40,17823.94826
-0.988999,9,17827.578122
-0.957973,197,17915.449895
-0.974392,22,17924.604136
-0.984826,15,17930.791882
-0.984736,13,17936.209203
-0.945838,181,18013.206594
-0.996273,5,18015.370489
-0.999047,4,18016.913498
-0.960934,140,18073.682419
-0.952742,258,18178.022194
0.110102,300,18302.672539
-0.958345,125,18353.736497
-0.963079,36,18369.058066
-0.962934,43,18386.129625
-0.952363,242,18485.99803
-0.990998,8,18489.253744
-0.951139,172,18559.884666
-0.954308,274,18672.078585
-0.941959,136,18729.203943
-0.923851,228,18824.512339
-0.986761,11,18829.133852
-0.993071,6,18831.650972
-0.984008,16,18838.203489
-0.946961,291,18965.218798
-0.969589,86,19001.074309
-0.969832,120,19051.184156
-1.0,1,19051.603354
-0.989023,10,19055.670736
-0.970033,28,19067.205582
-0.94922,52,19088.459785
-0.969751,25,19098.82385
-0.959925,38,19114.384749
-0.956646,100,19249.040032
-0.986023,12,19254.513373
-0.983743,14,19260.07263
-0.979249,18,19267.505827
-0.980282,16,19274.096446
-0.953748,101,19316.731223
-0.973463,25,19326.832625
-0.977007,19,19334.876374
-0.98301,15,19340.897199
-0.972345,27,19351.683302
-0.954122,150,19412.576291
-0.971071,84,19447.673505
-0.986583,12,19452.588732
-0.96859,25,19462.892599
-0.972811,25,19473.236187
-0.924883,290,19591.685061
-0.976713,31,19604.995543
-0.955903,202,19696.137337
-0.919633,202,19785.589723
-0.960997,40,19802.603295
0.111474,300,19930.579195
-0.986812,11,19935.246218
-0.985519,17,19942.905915
0.095232,300,20077.129552
0.044954,300,20201.230137
-0.967083,109,20246.62417
0.056624,300,20356.449087
-0.990606,8,20358.534153
-0.959054,174,20404.143862
0.082301,300,20526.03375
-0.989143,10,20530.473016
-0.987986,10,20534.759811
-0.9262,276,20669.254746
-0.983032,13,20674.979787
-0.936534,289,20797.69204
-0.972624,26,20808.964017
-0.900532,241,20911.942159
0.138234,300,21049.246353
0.086853,300,21181.4963
-0.986591,12,21187.092698
-0.964787,107,21232.553201
-0.944566,137,21289.608213
0.088282,300,21423.009786
0.136384,300,21549.967443
-0.913831,190,21630.899825
0.096945,300,21767.872158
0.113324,300,21899.304638
0.123397,300,22030.911003
-0.972831,92,22072.497929
-0.893014,225,22169.980797
-0.886785,246,22276.580693
-0.988071,11,22281.259488
-0.991302,8,22284.62976
-0.982843,16,22291.123976
-0.9683,35,22306.550622
-0.985819,13,22312.270581
-0.994586,5,22314.402676
-0.975902,24,22324.520386
-0.899014,220,22419.901634
-0.891021,262,22534.453297
-0.970541,28,22546.455689
0.113119,300,22710.091356
-1.0,1,22710.531565
0.136093,300,22843.70568
0.076326,300,22968.197374
-0.985775,12,22973.06705
-0.974369,32,22986.066191
-0.981601,15,22992.142947
-0.98133,15,22998.258347
0.074202,300,23129.249618
0.1544,300,23261.80165
0.124009,300,23385.586362
-0.875115,250,23501.756167
-0.987952,11,23507.054256
-0.987951,10,23511.544466
-0.882876,209,23795.321486
-0.966003,43,23815.447981
0.117878,300,23960.312563
-0.898019,218,24058.014601
-0.895324,184,24136.969748
0.230521,300,24275.212456
0.149901,300,24420.059965
0.150328,300,24503.953045
-0.877856,292,24581.693462
0.171273,300,24661.809011
-0.900474,271,24746.79843
-0.869618,244,24853.987625
-0.980179,16,24861.090009
-0.985509,14,24867.404431
-0.893598,209,24980.691196
0.1527,300,25128.869092
0.16694,300,25266.566205
0.173688,300,25403.607787
0.167449,300,25536.69544
0.172181,300,25679.95519
-0.902274,171,25757.590493
-0.98029,18,25765.561296
-0.976701,27,25777.429591
0.131252,300,25924.501798
0.188081,300,26063.85419
0.118644,300,26207.349872
0.157815,300,26347.616604
0.098616,300,26484.347152
-0.97368,33,26499.314658
-0.834945,291,26634.388192
0.171346,300,26771.400291
-0.983528,16,26778.845382
-0.907649,207,26876.390714
0.147675,300,27020.298762
0.135348,300,27160.741537
0.1127,300,27299.261426
0.104486,300,27433.269147
-0.976854,24,27449.743526
0.151031,300,28686.771994
0.144905,300,28777.767227
0.107631,300,29073.064948
0.109286,300,29397.758083
0.150669,300,29715.710298
0.158443,300,30430.92767
0.125571,300,30740.447186
0.120746,300,31061.166115
-0.934009,128,31197.381902
0.130079,300,31515.347494
0.097472,300,31845.649963
0.088567,300,32134.430659
0.079081,300,32473.200114
0.086504,300,32841.112076
-0.973569,23,32870.200066
0.117349,300,33211.12082
0.107392,300,33554.912757
0.064454,300,33869.479577
0.079976,300,34192.576331
-0.913532,292,34499.575865
-0.946252,293,34808.193831
0.057479,300,35127.019126
-0.939924,246,35387.323151
0.096349,300,35710.168878
-0.98841,11,35721.860758
0.084373,300,36037.8937
0.12609,300,36366.68749
0.09977,300,36693.19295
0.114897,300,37013.962048
-0.993097,6,37020.287776
-0.990771,8,37028.656312
0.137737,300,37347.183938
-0.930186,151,37502.029984
0.120778,300,37820.165017
0.115039,300,38127.7188
0.12629,300,38442.939307
0.144836,300,38641.781516
0.111638,300,38732.378105
-0.957958,176,38785.419431
-0.925048,132,38824.291993
0.151202,300,39069.697803
-0.991086,8,39078.015124
-0.94818,136,39220.44592
0.117489,300,39474.939942
0.118924,300,39812.710196
0.156377,300,40255.669995
-0.988729,11,40269.928425
0.165754,300,41144.802725
0.16593,300,41533.132049
0.067569,300,41787.84525
-0.989646,9,41790.293576
0.153942,300,41870.436117
0.162784,300,41949.817102
-0.990624,9,41952.282716
0.152418,300,42031.716495
0.173811,300,42111.424597
0.137607,300,42190.964722
0.193525,300,42269.932927
0.150847,300,42347.647416
0.144759,300,42425.411669
0.174552,300,42503.339349
0.097282,300,42585.243435
0.188638,300,42663.455563
0.207572,300,42741.632137
-0.960814,53,42755.357312
0.19586,300,42832.77831
-0.966764,45,42844.382537
0.178097,300,42921.911087
0.175337,300,42999.446424
0.211133,300,43077.106848
0.224743,300,43154.802123
-0.985021,15,43158.666377
0.159334,300,43236.22781
-0.979757,22,43241.898498
0.162082,300,43319.876726
0.146795,300,43398.262735
0.151506,300,43476.595774
0.195031,300,43596.205499
